episode,steps,duration_s,invalid_steps,invalid_pct,invalid_runs,max_invalid_run_steps,control_age_invalid_steps,motor_age_invalid_steps,motor_rejected_steps,clutch_off_steps,clutch_drops,clutch_interior_off_runs,clutch_initial_off_steps,clutch_terminal_off_steps,tracking_off_steps,tracking_off_while_clutch_on,tracking_drops,imu_invalid_steps,camera_gap_events,camera_missing_frames,nonincreasing_timestamps,max_frame_interval_ms,max_control_age_ms,max_motor_age_ms,nonfinite_action_steps,nonfinite_state_steps,video_exists,accelerometer_invalid_steps,accelerometer_sequence_gap_reports,accelerometer_saver_dropped,accelerometer_producer_dropped_during_recording,accelerometer_rate_hz,gyroscope_invalid_steps,gyroscope_sequence_gap_reports,gyroscope_saver_dropped,gyroscope_producer_dropped_during_recording,gyroscope_rate_hz,game_rotation_vector_invalid_steps,game_rotation_vector_sequence_gap_reports,game_rotation_vector_saver_dropped,game_rotation_vector_producer_dropped_during_recording,game_rotation_vector_rate_hz
0,540,17.960439,1,0.1852,1,1,1,0,0,33,0,0,33,0,33,0,0,0,0,0,0,33.323,55.386,48.483,0,0,True,0,472,0,0,100.05608711227676,0,0,0,0,100.0581167391291,0,0,0,0,100.05850584798348
1,607,20.193064,4,0.659,4,1,1,4,0,0,0,0,0,0,0,0,0,0,0,0,0,33.324,67.138,66.958,0,0,True,0,527,0,0,100.07360540770274,0,0,0,0,100.05664694818984,0,0,0,0,100.05613318658433
2,530,17.627294,5,0.9434,5,1,3,2,0,0,0,0,0,0,0,0,0,0,0,0,0,33.335,69.998,69.595,0,0,True,0,463,0,0,100.0768845487237,0,0,0,0,100.05281696081641,0,0,0,0,100.05357258206455
3,518,17.227395,1,0.1931,1,1,0,1,0,0,0,0,0,0,0,0,0,0,0,0,0,33.323,41.999,70.884,0,0,True,0,454,0,0,100.07580454620224,0,0,0,0,100.05264805369958,0,0,0,0,100.05225924350421
4,570,18.960174,9,1.5789,8,2,1,8,0,0,0,0,0,0,0,0,0,0,0,0,0,33.352,65.719,87.028,0,0,True,0,498,0,0,100.06529735487733,0,0,0,0,100.05378015625682,0,0,0,0,100.05395516983084
5,464,15.428035,4,0.8621,3,2,2,2,0,0,0,0,0,0,0,0,0,0,0,0,0,33.324,87.284,56.881,0,0,True,0,410,0,0,100.0433480728915,0,0,0,0,100.05126944977869,0,0,0,0,100.05133015482777
6,474,15.761282,2,0.4219,2,1,0,2,0,0,0,0,0,0,0,0,0,0,0,0,0,33.349,49.771,72.953,0,0,True,0,419,0,0,100.02534807543326,0,0,0,0,100.04951945912623,0,0,0,0,100.04995958766338
7,432,14.361766,4,0.9259,4,1,2,2,0,0,0,0,0,0,0,0,0,0,0,0,0,33.345,68.857,62.035,0,0,True,0,382,0,0,100.06313522802219,0,0,0,0,100.04948586510473,0,0,0,0,100.04897270610786
8,546,18.160457,1,0.1832,1,1,0,1,0,0,0,0,0,0,0,0,0,0,0,0,0,33.337,48.029,55.84,0,0,True,0,478,0,0,100.08070604095799,0,0,0,0,100.04828712168329,0,0,0,0,100.04848021768213
9,453,15.061536,4,0.883,4,1,3,1,0,0,0,0,0,0,0,0,0,0,0,0,0,33.362,62.631,60.551,0,0,True,0,403,0,0,100.05640106176331,0,0,0,0,100.04717217969564,0,0,0,0,100.04792258299189
10,419,13.928572,4,0.9547,4,1,1,4,0,0,0,0,0,0,0,0,0,0,0,0,0,33.346,76.055,69.59,0,0,True,0,374,0,0,100.03010912957923,0,0,0,0,100.04645252231857,0,0,0,0,100.04655935944572
11,374,12.429065,3,0.8021,3,1,0,3,0,0,0,0,0,0,0,0,0,0,0,0,0,33.351,49.607,65.59,0,0,True,0,336,0,0,100.03379761046216,0,0,0,0,100.0450648758055,0,0,0,0,100.04637364971772
12,509,16.927545,2,0.3929,2,1,1,2,0,0,0,0,0,0,0,0,0,0,0,0,0,33.343,73.519,56.104,0,0,True,0,450,0,0,100.06466957228524,0,0,0,0,100.0468757707544,0,0,0,0,100.04563192433882
13,494,16.427722,3,0.6073,3,1,0,3,0,0,0,0,0,0,0,0,0,0,0,0,0,33.345,45.9,56.205,0,0,True,0,438,0,0,100.06921454005688,0,0,0,0,100.04644441796866,0,0,0,0,100.04675899667622
14,391,12.995603,4,1.023,4,1,1,3,0,0,0,0,0,0,0,0,0,0,0,0,0,33.365,54.504,61.576,0,0,True,0,351,0,0,100.06295360805534,0,0,0,0,100.04350861614941,0,0,0,0,100.04426976713363
15,308,10.22983,2,0.6494,2,1,0,2,0,0,0,0,0,0,0,0,0,0,0,0,0,33.333,40.642,60.456,0,0,True,0,283,0,0,100.04274634263568,0,0,0,0,100.04477646195414,0,0,0,0,100.04263996310917
16,320,10.629684,1,0.3125,1,1,0,1,0,0,0,0,0,0,0,0,0,0,0,0,0,33.323,47.639,50.958,0,0,True,0,292,0,0,100.0882799194975,0,0,0,0,100.04476724717779,0,0,0,0,100.04307767483428
17,411,13.662019,0,0.0,0,0,0,0,0,0,0,0,0,0,0,0,0,0,0,0,0,33.351,45.569,47.553,0,0,True,0,368,0,0,100.0717850085255,0,0,0,0,100.0445238910333,0,0,0,0,100.04305521431948
18,489,16.261128,2,0.409,2,1,1,1,0,0,0,0,0,0,0,0,0,0,0,0,0,33.343,60.819,57.985,0,0,True,0,435,0,0,100.08194136802778,0,0,0,0,100.04305197542334,0,0,0,0,100.04375616186456
19,456,15.16153,2,0.4386,1,2,0,2,0,0,0,0,0,0,0,0,0,0,0,0,0,33.379,49.204,85.418,0,0,True,0,406,0,0,100.02622142376657,0,0,0,0,100.04322261718988,0,0,0,0,100.04179195005678
20,409,13.595366,1,0.2445,1,1,0,1,0,0,0,0,0,0,0,0,0,0,0,0,0,33.359,43.526,56.115,0,0,True,0,366,0,0,100.0663169878249,0,0,0,0,100.04437760848289,0,0,0,0,100.04425454866511
21,372,12.362446,3,0.8065,3,1,0,3,0,0,0,0,0,0,0,0,0,0,0,0,0,33.336,36.785,53.964,0,0,True,0,336,0,0,100.00845709100233,0,0,0,0,100.04197883780166,0,0,0,0,100.04221766664993
22,485,16.127846,2,0.4124,2,1,1,2,0,0,0,0,0,0,0,0,0,0,0,0,0,33.367,73.326,78.769,0,0,True,0,430,0,0,100.07237033328063,0,0,0,0,100.04195007033216,0,0,0,0,100.0430278191243
23,503,16.727653,2,0.3976,2,1,1,1,0,0,0,0,0,0,0,0,0,0,0,0,0,33.35,51.626,51.302,0,0,True,0,446,0,0,100.055871558632,0,0,0,0,100.04118681031785,0,0,0,0,100.04236889976464
24,407,13.528741,4,0.9828,4,1,2,2,0,0,0,0,0,0,0,0,0,0,0,0,0,33.364,54.511,51.284,0,0,True,0,364,0,0,100.07677818988377,0,0,0,0,100.04188996833037,0,0,0,0,100.04145750934647
25,303,10.06324,2,0.6601,2,1,1,1,0,0,0,0,0,0,0,0,0,0,0,0,0,33.343,55.346,50.33,0,0,True,0,279,0,0,100.06035986128559,0,0,0,0,100.04032173255096,0,0,0,0,100.04266869256816
26,375,12.462418,5,1.3333,5,1,1,4,0,0,0,0,0,0,0,0,0,0,0,0,0,33.341,51.861,82.866,0,0,True,0,338,0,0,100.052697874376,0,0,0,0,100.04439099863912,0,0,0,0,100.0433249754239
27,452,15.02821,3,0.6637,3,1,1,2,0,0,0,0,0,0,0,0,0,0,0,0,0,33.346,59.416,65.717,0,0,True,0,403,0,0,100.03996612229135,0,0,0,0,100.04104487729077,0,0,0,0,100.0412755966979
28,397,13.195512,2,0.5038,2,1,1,1,0,0,0,0,0,0,0,0,0,0,0,0,0,33.349,51.832,60.658,0,0,True,0,356,0,0,100.07161023232214,0,0,0,0,100.03837145961464,0,0,0,0,100.03988950088385
29,399,13.262169,0,0.0,0,0,0,0,0,0,0,0,0,0,0,0,0,0,0,0,0,33.354,47.241,48.439,0,0,True,0,359,0,0,100.083547397038,0,0,0,0,100.04081273938712,0,0,0,0,100.0397783867412
30,389,12.928917,1,0.2571,1,1,0,1,0,0,0,0,0,0,0,0,0,0,0,0,0,33.363,37.864,66.151,0,0,True,0,351,0,0,100.07916261763054,0,0,0,0,100.04079520713125,0,0,0,0,100.0411168990455
31,529,17.594014,0,0.0,0,0,0,0,0,0,0,0,0,0,0,0,0,0,0,0,0,33.382,41.144,46.817,0,0,True,0,468,0,0,100.0759709017456,0,0,0,0,100.04085805891035,0,0,0,0,100.04144267695031
32,501,16.660979,1,0.1996,1,1,0,1,0,0,0,0,0,0,0,0,0,0,0,0,0,33.346,48.078,54.032,0,0,True,0,444,0,0,100.05081022806108,0,0,0,0,100.04088013617755,0,0,0,0,100.03989740152012
33,323,10.729654,3,0.9288,3,1,2,1,0,0,0,0,0,0,0,0,0,0,0,0,0,33.329,81.345,63.597,0,0,True,0,296,0,0,100.00491103131488,0,0,0,0,100.04270923469791,0,0,0,0,100.04076363883416
34,386,12.828967,3,0.7772,3,1,1,2,0,0,0,0,0,0,0,0,0,0,0,0,0,33.345,72.063,52.404,0,0,True,0,348,0,0,100.03932431322896,0,0,0,0,100.03946121007704,0,0,0,0,100.04028980425954
35,434,14.428432,4,0.9217,4,1,1,3,0,0,0,0,0,0,0,0,0,0,0,0,0,33.358,57.063,59.937,0,0,True,0,390,0,0,100.04152789053171,0,0,0,0,100.04052609440947,0,0,0,0,100.04115886903922
36,305,10.129888,1,0.3279,1,1,1,0,0,0,0,0,0,0,0,0,0,0,0,0,0,33.357,53.056,46.269,0,0,True,0,280,0,0,100.04495293400892,0,0,0,0,100.03963936247857,0,0,0,0,100.04045582200013
37,362,12.029255,1,0.2762,1,1,0,1,0,0,0,0,0,0,0,0,0,0,0,0,0,33.35,49.517,57.69,0,0,True,0,329,0,0,100.07326247607338,0,0,0,0,100.04038243354984,0,0,0,0,100.03987107361615
38,369,12.262489,3,0.813,3,1,0,3,0,0,0,0,0,0,0,0,0,0,0,0,0,33.357,44.113,54.157,0,0,True,0,334,0,0,100.0288446540778,0,0,0,0,100.0390918523342,0,0,0,0,100.040331575117
39,335,11.12956,0,0.0,0,0,0,0,0,0,0,0,0,0,0,0,0,0,0,0,0,33.353,46.728,48.255,0,0,True,0,306,0,0,100.03717897785677,0,0,0,0,100.03909649349426,0,0,0,0,100.0392114316834
40,356,11.829287,3,0.8427,3,1,1,2,0,0,0,0,0,0,0,0,0,0,0,0,0,33.339,52.207,64.142,0,0,True,0,324,0,0,100.04381282570994,0,0,0,0,100.04038868756633,0,0,0,0,100.03951910250349
41,409,13.59538,3,0.7335,3,1,2,1,0,0,0,0,0,0,0,0,0,0,0,0,0,33.366,59.915,59.488,0,0,True,0,368,0,0,100.0809951457639,0,0,0,0,100.03933146903448,0,0,0,0,100.03982433499519
42,580,19.293441,6,1.0345,6,1,3,3,0,0,0,0,0,0,0,0,0,0,0,0,0,33.347,62.015,62.364,0,0,True,0,510,0,0,100.08144151881551,0,0,0,0,100.03920947099462,0,0,0,0,100.03946028244162
43,630,20.959487,7,1.1111,7,1,2,6,0,0,0,0,0,0,0,0,0,0,0,0,0,33.338,52.254,61.061,0,0,True,0,553,0,0,100.06710676501358,0,0,0,0,100.03892572270972,0,0,0,0,100.0388121528584
44,460,15.294801,5,1.087,5,1,2,3,0,0,0,0,0,0,0,0,0,0,0,0,0,33.385,57.438,63.457,0,0,True,0,410,0,0,100.0226444406918,0,0,0,0,100.0386738608747,0,0,0,0,100.03976473440852
45,483,16.06111,2,0.4141,2,1,1,1,0,0,0,0,0,0,0,0,0,0,0,0,0,33.323,55.26,50.158,0,0,True,0,431,0,0,100.0393854009735,0,0,0,0,100.03983499847519,0,0,0,0,100.04058822932011
46,373,12.395748,2,0.5362,2,1,0,2,0,0,0,0,0,0,0,0,0,0,0,0,0,33.328,43.541,62.958,0,0,True,0,337,0,0,100.08932078225166,0,0,0,0,100.03936072466607,0,0,0,0,100.03828846397758
47,421,13.995179,0,0.0,0,0,0,0,0,0,0,0,0,0,0,0,0,0,0,0,0,33.323,43.24,49.987,0,0,True,0,378,0,0,100.01075913618898,0,0,0,0,100.03920419345188,0,0,0,0,100.0394171267216
48,407,13.528677,3,0.7371,3,1,1,2,0,0,0,0,0,0,0,0,0,0,0,0,0,33.323,65.474,58.47,0,0,True,0,367,0,0,100.04175834875558,0,0,0,0,100.0412713099393,0,0,0,0,100.04141536317982
49,417,13.861871,2,0.4796,2,1,0,2,0,0,0,0,0,0,0,0,0,0,0,0,0,33.323,48.463,56.955,0,0,True,0,373,0,0,100.06776860069134,0,0,0,0,100.03772199892533,0,0,0,0,100.03819152405637
50,348,11.562682,5,1.4368,5,1,1,4,0,0,0,0,0,0,0,0,0,0,0,0,0,33.323,50.101,64.884,0,0,True,0,317,0,0,100.04661172433627,0,0,0,0,100.03574631823236,0,0,0,0,100.03741288177244
51,476,15.8279,4,0.8403,4,1,2,2,0,0,0,0,0,0,0,0,0,0,0,0,0,33.349,78.349,68.137,0,0,True,0,419,0,0,100.06455797090217,0,0,0,0,100.04915768406329,0,0,0,0,100.04858739410362
52,396,13.162121,4,1.0101,4,1,1,3,0,0,0,0,0,0,0,0,0,0,0,0,0,33.323,71.591,63.078,0,0,True,0,356,0,0,100.04655471536931,0,0,0,0,100.04788508480219,0,0,0,0,100.04718822021047
53,424,14.095144,2,0.4717,2,1,0,2,0,0,0,0,0,0,0,0,0,0,0,0,0,33.323,41.395,52.112,0,0,True,0,378,0,0,100.08081674390988,0,0,0,0,100.04749782988601,0,0,0,0,100.04776835769378
54,452,15.028169,2,0.4425,2,1,1,1,0,0,0,0,0,0,0,0,0,0,0,0,0,33.324,50.661,54.387,0,0,True,0,401,0,0,100.02984099174363,0,0,0,0,100.04609333063145,0,0,0,0,100.04758011703267
55,459,15.261453,3,0.6536,3,1,1,2,0,0,0,0,0,0,0,0,0,0,0,0,0,33.349,51.738,55.537,0,0,True,0,408,0,0,100.03681919225083,0,0,0,0,100.04613408795068,0,0,0,0,100.04582110874816
56,462,15.361412,1,0.2165,1,1,1,0,0,0,0,0,0,0,0,0,0,0,0,0,0,33.337,50.469,45.428,0,0,True,0,409,0,0,100.0589019090044,0,0,0,0,100.0461333998438,0,0,0,0,100.04503550745238
57,384,12.76228,1,0.2604,1,1,1,0,0,0,0,0,0,0,0,0,0,0,0,0,0,33.339,53.82,46.245,0,0,True,0,345,0,0,100.06126125734474,0,0,0,0,100.04479195863,0,0,0,0,100.04421215255373
58,431,14.328411,1,0.232,1,1,0,1,0,0,0,0,0,0,0,0,0,0,0,0,0,33.323,39.377,67.218,0,0,True,0,384,0,0,100.06639408502792,0,0,0,0,100.04703577622114,0,0,0,0,100.04616313526058
59,450,14.961558,6,1.3333,6,1,2,4,0,0,0,0,0,0,0,0,0,0,0,0,0,33.338,53.702,66.163,0,0,True,0,400,0,0,100.07855729450552,0,0,0,0,100.04451418833548,0,0,0,0,100.04492654191901
60,397,13.195477,1,0.2519,1,1,1,0,0,0,0,0,0,0,0,0,0,0,0,0,0,33.336,50.555,46.859,0,0,True,0,356,0,0,100.05097467086182,0,0,0,0,100.0478443837689,0,0,0,0,100.04630393237517
61,322,10.696338,1,0.3106,1,1,0,1,0,0,0,0,0,0,0,0,0,0,0,0,0,33.334,45.536,52.793,0,0,True,0,295,0,0,100.0903959991054,0,0,0,0,100.04410263369923,0,0,0,0,100.0439242084895
62,393,13.062209,3,0.7634,3,1,2,1,0,0,0,0,0,0,0,0,0,0,0,0,0,33.341,63.29,52.15,0,0,True,0,351,0,0,100.03831133626475,0,0,0,0,100.04728991844264,0,0,0,0,100.04698444968798
63,358,11.895929,0,0.0,0,0,0,0,0,0,0,0,0,0,0,0,0,0,0,0,0,33.337,49.579,41.958,0,0,True,0,325,0,0,99.99612495756135,0,0,0,0,100.04380192036312,0,0,0,0,100.04481205988569
64,417,13.861952,4,0.9592,4,1,1,3,0,0,0,0,0,0,0,0,0,0,0,0,0,33.355,54.088,65.291,0,0,True,0,372,0,0,100.0631942723559,0,0,0,0,100.0431797106523,0,0,0,0,100.04281698281204
65,348,11.562724,4,1.1494,3,2,2,2,0,0,0,0,0,0,0,0,0,0,0,0,0,33.339,90.639,62.865,0,0,True,0,315,0,0,100.04774681525251,0,0,0,0,100.04319866905257,0,0,0,0,100.04318279492091
66,407,13.528715,0,0.0,0,0,0,0,0,0,0,0,0,0,0,0,0,0,0,0,0,33.353,36.373,49.513,0,0,True,0,366,0,0,100.04676636620113,0,0,0,0,100.04267617182028,0,0,0,0,100.04153510162702
67,164,5.43147,2,1.2195,2,1,0,2,0,79,1,0,0,79,79,0,1,0,0,0,0,33.325,33.178,58.689,0,0,True,0,163,0,0,100.10163096143445,0,0,0,0,100.04342934672104,0,0,0,0,100.03996967306846
68,322,10.696316,0,0.0,0,0,0,0,0,0,0,0,0,0,0,0,0,0,0,0,0,33.323,46.979,48.419,0,0,True,0,295,0,0,99.99924384598961,0,0,0,0,100.04226084289812,0,0,0,0,100.04086631140402
69,308,10.229838,0,0.0,0,0,0,0,0,0,0,0,0,0,0,0,0,0,0,0,0,33.34,42.739,41.653,0,0,True,0,283,0,0,100.04225188723322,0,0,0,0,100.04387905005719,0,0,0,0,100.04355045772365
70,333,11.06287,1,0.3003,1,1,0,1,0,0,0,0,0,0,0,0,0,0,0,0,0,33.326,49.469,50.07,0,0,True,0,304,0,0,100.07337614240812,0,0,0,0,100.04307134870442,0,0,0,0,100.04215472641813
71,265,8.796982,2,0.7547,2,1,1,1,0,0,0,0,0,0,0,0,0,0,0,0,0,33.326,61.531,66.667,0,0,True,0,246,0,0,100.03966003188866,0,0,0,0,100.0419770041582,0,0,0,0,100.04190587854364
72,345,11.462748,4,1.1594,4,1,0,4,0,0,0,0,0,0,0,0,0,0,0,0,0,33.341,49.456,75.718,0,0,True,0,314,0,0,100.08450690230518,0,0,0,0,100.04312507489217,0,0,0,0,100.04157051649165
73,367,12.195851,3,0.8174,3,1,1,2,0,0,0,0,0,0,0,0,0,0,0,0,0,33.346,64.616,55.045,0,0,True,0,332,0,0,100.05697878141642,0,0,0,0,100.0451336543291,0,0,0,0,100.04260878179159
74,289,9.596733,1,0.346,1,1,0,1,0,0,0,0,0,0,0,0,0,0,0,0,0,33.347,48.385,66.081,0,0,True,0,267,0,0,100.02205927404815,0,0,0,0,100.03999724725931,0,0,0,0,100.04017545940427
75,384,12.762319,1,0.2604,1,1,1,1,0,0,0,0,0,0,0,0,0,0,0,0,0,33.367,54.871,55.177,0,0,True,0,347,0,0,100.07638705256488,0,0,0,0,100.04007398184415,0,0,0,0,100.04076969238442
76,463,15.39475,4,0.8639,4,1,3,1,0,0,0,0,0,0,0,0,0,0,0,0,0,33.348,65.876,63.514,0,0,True,0,414,0,0,100.03070159056104,0,0,0,0,100.03739102484207,0,0,0,0,100.03776774984023
77,301,9.996606,0,0.0,0,0,0,0,0,0,0,0,0,0,0,0,0,0,0,0,0,33.362,46.274,46.344,0,0,True,0,277,0,0,100.06395391837391,0,0,0,0,100.0404602042402,0,0,0,0,100.03999787596237
78,350,11.629334,2,0.5714,2,1,0,2,0,0,0,0,0,0,0,0,0,0,0,0,0,33.323,39.253,55.643,0,0,True,0,318,0,0,100.02240249393397,0,0,0,0,100.03820859970413,0,0,0,0,100.03907677817683
79,317,10.529725,0,0.0,0,0,0,0,0,0,0,0,0,0,0,0,0,0,0,0,0,33.332,36.143,40.259,0,0,True,0,290,0,0,100.02276231055866,0,0,0,0,100.04001600640257,0,0,0,0,100.04028415591031
80,293,9.730035,1,0.3413,1,1,0,1,0,0,0,0,0,0,0,0,0,0,0,0,0,33.348,42.403,63.559,0,0,True,0,272,0,0,100.05689054898221,0,0,0,0,100.03933027744056,0,0,0,0,100.03926541167408
81,353,11.729329,6,1.6997,6,1,4,3,0,0,0,0,0,0,0,0,0,0,0,0,0,33.343,71.056,62.484,0,0,True,0,321,0,0,100.08150500047576,0,0,0,0,100.038857939503,0,0,0,0,100.04000035667116
82,338,11.229491,1,0.2959,1,1,0,1,0,0,0,0,0,0,0,0,0,0,0,0,0,33.338,45.078,57.273,0,0,True,0,308,0,0,100.00291199344059,0,0,0,0,100.03746101007319,0,0,0,0,100.03815484600815
83,381,12.662358,1,0.2625,1,1,0,1,0,0,0,0,0,0,0,0,0,0,0,0,0,33.348,39.426,55.87,0,0,True,0,344,0,0,100.06335398046909,0,0,0,0,100.035947223955,0,0,0,0,100.03606409639212
84,559,18.593645,4,0.7156,4,1,1,3,0,0,0,0,0,0,0,0,0,0,0,0,0,33.339,52.087,70.482,0,0,True,0,493,0,0,100.03814176886169,0,0,0,0,100.04082113750489,0,0,0,0,100.04059182669384
85,413,13.72867,6,1.4528,6,1,2,4,0,0,0,0,0,0,0,0,0,0,0,0,0,33.349,55.999,74.081,0,0,True,0,371,0,0,100.02475578867896,0,0,0,0,100.04064574273919,0,0,0,0,100.0395894153241
86,402,13.362103,0,0.0,0,0,0,0,0,0,0,0,0,0,0,0,0,0,0,0,0,33.344,47.887,46.384,0,0,True,0,362,0,0,100.06720683051392,0,0,0,0,100.03743762162104,0,0,0,0,100.03827853574528
87,379,12.595702,2,0.5277,2,1,1,1,0,0,0,0,0,0,0,0,0,0,0,0,0,33.36,56.662,57.604,0,0,True,0,342,0,0,100.05956659620225,0,0,0,0,100.03566106422993,0,0,0,0,100.03739859670615
88,416,13.828644,1,0.2404,1,1,1,0,0,0,0,0,0,0,0,0,0,0,0,0,0,33.36,50.811,42.958,0,0,True,0,374,0,0,100.05309268950782,0,0,0,0,100.04185095296077,0,0,0,0,100.03914224598557
89,322,10.696343,2,0.6211,2,1,0,2,0,0,0,0,0,0,0,0,0,0,0,0,0,33.341,49.579,76.001,0,0,True,0,296,0,0,100.07118351392886,0,0,0,0,100.04111570556041,0,0,0,0,100.04113275535009
90,341,11.329447,3,0.8798,3,1,1,2,0,0,0,0,0,0,0,0,0,0,0,0,0,33.327,67.516,59.545,0,0,True,0,310,0,0,100.03094884660266,0,0,0,0,100.04063999116079,0,0,0,0,100.04162055436505
91,339,11.262833,1,0.295,1,1,0,1,0,0,0,0,0,0,0,0,0,0,0,0,0,33.345,41.008,61.988,0,0,True,0,309,0,0,100.01205023239386,0,0,0,0,100.03533335738732,0,0,0,0,100.03382134560849
92,402,13.362101,4,0.995,4,1,1,3,0,0,0,0,0,0,0,0,0,0,0,0,0,33.346,55.557,52.703,0,0,True,0,363,0,0,100.02664832081219,0,0,0,0,100.03754358332398,0,0,0,0,100.03785610196559
93,445,14.794932,7,1.573,7,1,2,6,0,0,0,0,0,0,0,0,0,0,0,0,0,33.334,60.29,72.847,0,0,True,0,398,0,0,100.07761701546939,0,0,0,0,100.03841121319437,0,0,0,0,100.03781100849166
94,334,11.096142,3,0.8982,3,1,1,2,0,0,0,0,0,0,0,0,0,0,0,0,0,33.323,52.284,67.971,0,0,True,0,305,0,0,100.0651784810535,0,0,0,0,100.03806889744688,0,0,0,0,100.03903419198934
95,388,12.895474,1,0.2577,1,1,0,1,0,0,0,0,0,0,0,0,0,0,0,0,0,33.323,46.561,55.632,0,0,True,0,352,0,0,100.05828484750329,0,0,0,0,100.03893271438756,0,0,0,0,100.03791401085128
96,391,12.99551,1,0.2558,1,1,0,1,0,0,0,0,0,0,0,0,0,0,0,0,0,33.323,43.545,58.754,0,0,True,0,353,0,0,100.063307097985,0,0,0,0,100.04047802580348,0,0,0,0,100.03979566019125
97,325,10.796266,4,1.2308,4,1,0,4,0,0,0,0,0,0,0,0,0,0,0,0,0,33.323,47.674,70.738,0,0,True,0,298,0,0,100.05483173648074,0,0,0,0,100.03848023160342,0,0,0,0,100.03829459169025
98,356,11.829209,4,1.1236,4,1,0,4,0,0,0,0,0,0,0,0,0,0,0,0,0,33.323,49.768,75.401,0,0,True,0,323,0,0,100.09250974385417,0,0,0,0,100.03795534855999,0,0,0,0,100.04013264995118
99,272,9.030183,3,1.1029,3,1,2,1,0,0,0,0,0,0,0,0,0,0,0,0,0,33.323,68.119,54.427,0,0,True,0,253,0,0,100.08905741626651,0,0,0,0,100.03735257653304,0,0,0,0,100.03802835874451
100,393,13.062154,4,1.0178,4,1,2,2,0,0,0,0,0,0,0,0,0,0,0,0,0,33.323,57.187,71.094,0,0,True,0,350,0,0,100.07604644720105,0,0,0,0,100.05543822934635,0,0,0,0,100.05692111309531
101,397,13.195448,2,0.5038,2,1,1,1,0,0,0,0,0,0,0,0,0,0,0,0,0,33.33,72.82,56.362,0,0,True,0,354,0,0,100.10142020555935,0,0,0,0,100.05288008560656,0,0,0,0,100.0541217775754
102,368,12.229115,3,0.8152,3,1,1,2,0,0,0,0,0,0,0,0,0,0,0,0,0,33.325,50.58,60.61,0,0,True,0,330,0,0,100.05255582334107,0,0,0,0,100.05254829097599,0,0,0,0,100.0493466280432
103,358,11.895901,1,0.2793,1,1,0,1,0,0,0,0,0,0,0,0,0,0,0,0,0,33.328,35.458,52.462,0,0,True,0,321,0,0,100.08679353210013,0,0,0,0,100.05122591791385,0,0,0,0,100.05142736293477
104,341,11.329436,5,1.4663,5,1,0,5,0,0,0,0,0,0,0,0,0,0,0,0,0,33.323,47.888,76.061,0,0,True,0,307,0,0,100.07082557137774,0,0,0,0,100.05230521157749,0,0,0,0,100.05169876550913
105,342,11.362755,0,0.0,0,0,0,0,0,0,0,0,0,0,0,0,0,0,0,0,0,33.323,49.19,47.127,0,0,True,0,309,0,0,100.05580066046504,0,0,0,0,100.05364973524917,0,0,0,0,100.05228538784785
106,344,11.429412,2,0.5814,2,1,0,2,0,0,0,0,0,0,0,0,0,0,0,0,0,33.327,40.265,68.634,0,0,True,0,310,0,0,100.08611409256524,0,0,0,0,100.04972070920364,0,0,0,0,100.05047346285254
107,356,11.82926,1,0.2809,1,1,1,0,0,0,0,0,0,0,0,0,0,0,0,0,0,33.323,56.567,49.508,0,0,True,0,321,0,0,100.06356522443062,0,0,0,0,100.04782394816854,0,0,0,0,100.04960501395448
108,362,12.029156,3,0.8287,3,1,1,2,0,0,0,0,0,0,0,0,0,0,0,0,0,33.325,59.092,66.053,0,0,True,0,325,0,0,100.04662463585746,0,0,0,0,100.04800313907307,0,0,0,0,100.04837840485989
109,345,11.462724,2,0.5797,2,1,0,2,0,0,0,0,0,0,0,0,0,0,0,0,0,33.323,41.644,60.174,0,0,True,0,311,0,0,100.03132981249728,0,0,0,0,100.04730236455796,0,0,0,0,100.04721428136367
110,252,8.363797,1,0.3968,1,1,0,1,0,0,0,0,0,0,0,0,0,0,0,0,0,33.331,43.881,57.232,0,0,True,0,235,0,0,100.07009169255186,0,0,0,0,100.04660681821883,0,0,0,0,100.04783137810779
111,303,10.063202,2,0.6601,2,1,0,2,0,0,0,0,0,0,0,0,0,0,0,0,0,33.374,42.259,53.08,0,0,True,0,278,0,0,100.0742434207692,0,0,0,0,100.04553239221082,0,0,0,0,100.0458416327266
112,343,11.396066,2,0.5831,2,1,0,2,0,0,0,0,0,0,0,0,0,0,0,0,0,33.323,40.9,55.067,0,0,True,0,310,0,0,100.09517483370935,0,0,0,0,100.05262205375165,0,0,0,0,100.05159286957611
113,332,11.029534,3,0.9036,3,1,2,1,0,0,0,0,0,0,0,0,0,0,0,0,0,33.324,56.549,50.434,0,0,True,0,301,0,0,99.99861527622296,0,0,0,0,100.04717220024786,0,0,0,0,100.04713902896916
114,347,11.529356,0,0.0,0,0,0,0,0,0,0,0,0,0,0,0,0,0,0,0,0,33.323,42.841,41.249,0,0,True,0,314,0,0,100.04812330636938,0,0,0,0,100.05036716814594,0,0,0,0,100.05131407618597
115,447,14.861564,8,1.7897,7,2,2,6,0,0,0,0,0,0,0,0,0,0,0,0,0,33.339,52.296,104.255,0,0,True,0,397,0,0,100.05290848141583,0,0,0,0,100.04716689075553,0,0,0,0,100.04643664795358
116,315,10.463066,1,0.3175,1,1,0,1,0,0,0,0,0,0,0,0,0,0,0,0,0,33.327,44.73,54.392,0,0,True,0,287,0,0,100.04691436036238,0,0,0,0,100.04638118940284,0,0,0,0,100.04752909549038
117,324,10.76298,1,0.3086,1,1,1,0,0,0,0,0,0,0,0,0,0,0,0,0,0,33.332,53.546,43.653,0,0,True,0,295,0,0,100.10141742418422,0,0,0,0,100.04659797478554,0,0,0,0,100.04798063749386
118,288,9.563411,0,0.0,0,0,0,0,0,0,0,0,0,0,0,0,0,0,0,0,0,33.352,48.546,42.428,0,0,True,0,264,0,0,100.05410472908558,0,0,0,0,100.04527024905425,0,0,0,0,100.04700606269769
119,442,14.695109,3,0.6787,3,1,3,0,0,0,0,0,0,0,0,0,0,0,0,0,0,33.404,66.508,48.174,0,0,True,0,393,0,0,100.03561903184321,0,0,0,0,100.04511240560664,0,0,0,0,100.04466756205056
120,333,11.062914,2,0.6006,2,1,0,2,0,0,0,0,0,0,0,0,0,0,0,0,0,33.37,33.718,69.012,0,0,True,0,302,0,0,100.04556988963759,0,0,0,0,100.045793049618,0,0,0,0,100.04621457674172
121,342,11.362896,0,0.0,0,0,0,0,0,0,0,0,0,0,0,0,0,0,0,0,0,33.389,43.987,47.402,0,0,True,0,310,0,0,100.07888570991251,0,0,0,0,100.04944378964056,0,0,0,0,100.0467099627336
122,625,20.79308,3,0.48,3,1,0,3,0,0,0,0,0,0,0,0,0,0,0,0,0,33.405,46.319,56.993,0,0,True,0,546,0,0,100.04577116914284,0,0,0,0,100.04518509205919,0,0,0,0,100.04504315254837
123,321,10.663146,0,0.0,0,0,0,0,0,0,0,0,0,0,0,0,0,0,0,0,0,33.394,40.009,47.056,0,0,True,0,294,0,0,100.06315475367262,0,0,0,0,100.04305682879857,0,0,0,0,100.04447934979773
124,373,12.395863,5,1.3405,4,2,3,2,0,0,0,0,0,0,0,0,0,0,0,0,0,33.396,110.065,55.744,0,0,True,0,336,0,0,100.03600552436754,0,0,0,0,100.0401425017905,0,0,0,0,100.04113959428223
125,308,10.22987,2,0.6494,2,1,1,1,0,0,0,0,0,0,0,0,0,0,0,0,0,33.372,53.892,50.639,0,0,True,0,281,0,0,100.06706622523606,0,0,0,0,100.03987404908906,0,0,0,0,100.04006036814565
126,331,10.99629,1,0.3021,1,1,0,1,0,0,0,0,0,0,0,0,0,0,0,0,0,33.389,42.033,50.656,0,0,True,0,301,0,0,100.0217391647197,0,0,0,0,100.04138641587411,0,0,0,0,100.04402767458575
127,300,9.963314,1,0.3333,1,1,0,1,0,0,0,0,0,0,0,0,0,0,0,0,0,33.391,49.185,51.646,0,0,True,0,275,0,0,100.03901703223272,0,0,0,0,100.04347624389582,0,0,0,0,100.04365789027172
128,358,11.896035,2,0.5587,2,1,0,2,0,54,1,0,0,54,54,0,1,0,0,0,0,33.412,45.563,59.495,0,0,True,0,325,0,0,100.0643523941417,0,0,0,0,100.04386360768808,0,0,0,0,100.04334697869092
129,416,13.828675,2,0.4808,2,1,0,2,0,0,0,0,0,0,0,0,0,0,0,0,0,33.37,48.15,59.102,0,0,True,0,372,0,0,100.05120821073028,0,0,0,0,100.04380695912515,0,0,0,0,100.04401533542394
130,295,9.796726,0,0.0,0,0,0,0,0,0,0,0,0,0,0,0,0,0,0,0,0,33.369,39.729,43.237,0,0,True,0,270,0,0,100.07749306157103,0,0,0,0,100.03964602607762,0,0,0,0,100.03939629090532
131,336,11.162938,2,0.5952,2,1,2,0,0,0,0,0,0,0,0,0,0,0,0,0,0,33.376,50.968,48.13,0,0,True,0,305,0,0,100.01489967660481,0,0,0,0,100.04541848612816,0,0,0,0,100.04536100986887
132,320,10.629735,1,0.3125,1,1,0,1,0,0,0,0,0,0,0,0,0,0,0,0,0,33.374,49.368,52.837,0,0,True,0,292,0,0,100.08597282237388,0,0,0,0,100.04226100306414,0,0,0,0,100.04265517318171
133,344,11.429496,3,0.8721,3,1,1,2,0,0,0,0,0,0,0,0,0,0,0,0,0,33.38,61.24,50.666,0,0,True,0,313,0,0,100.08546498025594,0,0,0,0,100.041097748002,0,0,0,0,100.04012818592565
134,342,11.362857,2,0.5848,2,1,1,1,0,0,0,0,0,0,0,0,0,0,0,0,0,33.372,52.169,51.657,0,0,True,0,311,0,0,100.07627391375746,0,0,0,0,100.04299188361928,0,0,0,0,100.04404033782156
135,331,10.996269,0,0.0,0,0,0,0,0,63,1,0,0,63,63,0,1,0,0,0,0,33.369,35.43,48.921,0,0,True,0,301,0,0,100.01331292018904,0,0,0,0,100.0418810936492,0,0,0,0,100.04125661472872
136,552,18.360444,1,0.1812,1,1,1,0,0,0,0,0,0,0,0,0,0,0,0,0,0,33.375,70.854,49.591,0,0,True,0,485,0,0,100.04725570532233,0,0,0,0,100.04140301857024,0,0,0,0,100.04055740062779
137,294,9.763386,0,0.0,0,0,0,0,0,0,0,0,0,0,0,0,0,0,0,0,0,33.361,45.962,38.204,0,0,True,0,271,0,0,100.0716409362932,0,0,0,0,100.0419954476269,0,0,0,0,100.04267069549535
138,307,10.196539,1,0.3257,1,1,0,1,0,0,0,0,0,0,0,0,0,0,0,0,0,33.364,41.458,60.315,0,0,True,0,283,0,0,100.06844681762325,0,0,0,0,100.04370798442164,0,0,0,0,100.04221336772058
139,326,10.829636,2,0.6135,2,1,0,2,0,0,0,0,0,0,0,0,0,0,0,0,0,33.345,49.468,67.545,0,0,True,0,298,0,0,100.03438787515742,0,0,0,0,100.04139149309077,0,0,0,0,100.0404210537681
140,286,9.496774,4,1.3986,3,2,1,3,0,0,0,0,0,0,0,0,0,0,0,0,0,33.358,61.773,56.227,0,0,True,0,264,0,0,100.04386757643684,0,0,0,0,100.04055672617231,0,0,0,0,100.0405187807346
141,305,10.129886,2,0.6557,2,1,0,2,0,0,0,0,0,0,0,0,0,0,0,0,0,33.354,41.001,54.525,0,0,True,0,280,0,0,100.05494527602512,0,0,0,0,100.0394793870396,0,0,0,0,100.03978347063845
142,353,11.729367,1,0.2833,1,1,0,1,0,0,0,0,0,0,0,0,0,0,0,0,0,33.355,37.022,54.181,0,0,True,0,321,0,0,100.01626045609446,0,0,0,0,100.0402192944132,0,0,0,0,100.0402036568446
143,393,13.062238,1,0.2545,1,1,1,1,0,0,0,0,0,0,0,0,0,0,0,0,0,33.357,55.713,61.384,0,0,True,0,354,0,0,100.09027959047279,0,0,0,0,100.04029931944277,0,0,0,0,100.04113510226072
144,355,11.795966,2,0.5634,2,1,1,1,0,0,0,0,0,0,0,0,0,0,0,0,0,33.34,55.334,52.389,0,0,True,0,322,0,0,100.07493929449505,0,0,0,0,100.03910478002413,0,0,0,0,100.03822472244258
145,321,10.663048,0,0.0,0,0,0,0,0,0,0,0,0,0,0,0,0,0,0,0,0,33.366,41.439,48.781,0,0,True,0,294,0,0,100.02872947908057,0,0,0,0,100.03935904876471,0,0,0,0,100.04092893588775
146,265,8.797002,0,0.0,0,0,0,0,0,0,0,0,0,0,0,0,0,0,0,0,0,33.347,47.899,47.049,0,0,True,0,247,0,0,100.02576728690758,0,0,0,0,100.03931565397151,0,0,0,0,100.03985360496554
147,340,11.296165,2,0.5882,2,1,1,1,0,0,0,0,0,0,0,0,0,0,0,0,0,33.353,69.723,54.91,0,0,True,0,311,0,0,100.0032875574695,0,0,0,0,100.03901926767712,0,0,0,0,100.03864650870389
148,315,10.463133,2,0.6349,2,1,1,1,0,0,0,0,0,0,0,0,0,0,0,0,0,33.354,51.588,65.305,0,0,True,0,288,0,0,100.04176526217597,0,0,0,0,100.03841475126448,0,0,0,0,100.03986806220253
149,351,11.662691,3,0.8547,3,1,1,2,0,0,0,0,0,0,0,0,0,0,0,0,0,33.353,60.016,62.575,0,0,True,0,319,0,0,100.06957667736907,0,0,0,0,100.03914267398494,0,0,0,0,100.03983504437892
150,503,16.727639,4,0.7952,4,1,1,3,0,112,1,0,0,112,335,223,1,0,0,0,0,33.357,53.305,53.812,0,0,True,0,446,0,0,100.05178919471098,0,0,0,0,100.03816103596476,0,0,0,0,100.03829071251272
151,271,8.996972,2,0.738,2,1,0,2,0,0,0,0,0,0,0,0,0,0,0,0,0,33.358,49.874,61.521,0,0,True,0,252,0,0,100.09272271128776,0,0,0,0,100.03800448767502,0,0,0,0,100.03866170766891
152,267,8.863636,1,0.3745,1,1,1,1,0,0,0,0,0,0,0,0,0,0,0,0,0,33.336,61.871,51.44,0,0,True,0,249,0,0,100.05632838103308,0,0,0,0,100.03904652189169,0,0,0,0,100.04008669871651
153,329,10.929627,1,0.304,1,1,0,1,0,0,0,0,0,0,0,0,0,0,0,0,0,33.369,33.954,51.065,0,0,True,0,300,0,0,100.0819185945861,0,0,0,0,100.03884647026541,0,0,0,0,100.0384287854149
154,280,9.296857,0,0.0,0,0,0,0,0,0,0,0,0,0,0,0,0,0,0,0,0,33.353,47.895,42.596,0,0,True,0,260,0,0,100.04585273656853,0,0,0,0,100.03710273587932,0,0,0,0,100.0368898124618
155,305,10.129866,2,0.6557,2,1,0,2,0,0,0,0,0,0,0,0,0,0,0,0,0,33.335,46.244,76.718,0,0,True,0,281,0,0,100.0035479364192,0,0,0,0,100.03702889845374,0,0,0,0,100.03794111010467
156,323,10.729662,1,0.3096,1,1,1,0,0,0,0,0,0,0,0,0,0,0,0,0,0,33.336,60.447,47.498,0,0,True,0,297,0,0,100.01942750235894,0,0,0,0,100.03937990844702,0,0,0,0,100.03939687095418
157,462,15.361401,4,0.8658,4,1,3,1,0,0,0,0,0,0,0,0,0,0,0,0,0,33.33,62.541,52.578,0,0,True,0,410,0,0,100.02614568923862,0,0,0,0,100.04666610326949,0,0,0,0,100.0473976069418
158,389,12.928892,1,0.2571,1,1,0,1,0,0,0,0,0,0,0,0,0,0,0,0,0,33.323,46.842,66.037,0,0,True,0,348,0,0,100.01292430626422,0,0,0,0,100.04827544293579,0,0,0,0,100.04670518464816
159,440,14.628337,4,0.9091,4,1,0,4,0,0,0,0,0,0,0,0,0,0,0,0,0,33.34,40.048,67.296,0,0,True,0,392,0,0,100.05619079198809,0,0,0,0,100.0464738174236,0,0,0,0,100.04735362323403
160,489,16.261109,0,0.0,0,0,0,0,0,0,0,0,0,0,0,0,0,0,0,0,0,33.348,46.74,48.947,0,0,True,0,432,0,0,100.02392253259879,0,0,0,0,100.0469677768472,0,0,0,0,100.04589865535308
161,404,13.428738,2,0.495,2,1,1,1,0,0,0,0,0,0,0,0,0,0,0,0,0,33.338,74.234,52.391,0,0,True,0,360,0,0,100.09257180397782,0,0,0,0,100.04648324166094,0,0,0,0,100.04693978398019
162,394,13.095528,2,0.5076,2,1,0,2,0,0,0,0,0,0,0,0,0,0,0,0,0,33.342,47.597,74.715,0,0,True,0,354,0,0,100.04435394162002,0,0,0,0,100.04520797260474,0,0,0,0,100.04378420109693
163,456,15.161461,2,0.4386,2,1,1,1,0,0,0,0,0,0,0,0,0,0,0,0,0,33.326,50.645,64.521,0,0,True,0,405,0,0,100.05842080948987,0,0,0,0,100.04560576474609,0,0,0,0,100.04409579049683
164,591,19.659956,3,0.5076,3,1,0,3,0,0,0,0,0,0,0,0,0,0,0,0,0,33.339,45.915,61.03,0,0,True,0,516,0,0,100.07276436283588,0,0,0,0,100.04491871857829,0,0,0,0,100.04489454229001
165,431,14.328447,3,0.6961,3,1,0,3,0,0,0,0,0,0,0,0,0,0,0,0,0,33.344,49.61,77.127,0,0,True,0,386,0,0,100.04644548899815,0,0,0,0,100.04462328450792,0,0,0,0,100.04437599044257
166,408,13.562025,5,1.2255,4,2,0,5,0,0,0,0,0,0,0,0,0,0,0,0,0,33.332,48.676,97.404,0,0,True,0,366,0,0,100.03069884109144,0,0,0,0,100.0447741366218,0,0,0,0,100.04521852534032
167,347,11.529368,3,0.8646,3,1,1,2,0,0,0,0,0,0,0,0,0,0,0,0,0,33.323,66.886,64.081,0,0,True,0,315,0,0,100.05679951915515,0,0,0,0,100.04258569526218,0,0,0,0,100.04347676370963
168,416,13.828588,4,0.9615,4,1,2,2,0,0,0,0,0,0,0,0,0,0,0,0,0,33.327,56.162,71.218,0,0,True,0,373,0,0,100.07695897955152,0,0,0,0,100.04414187053212,0,0,0,0,100.04365724895013
169,341,11.329468,0,0.0,0,0,0,0,0,0,0,0,0,0,0,0,0,0,0,0,0,33.348,42.218,48.748,0,0,True,0,309,0,0,100.06029481416104,0,0,0,0,100.0447857999114,0,0,0,0,100.04314461624443
170,331,10.996177,2,0.6042,2,1,0,2,0,0,0,0,0,0,0,0,0,0,0,0,0,33.323,47.251,55.95,0,0,True,0,302,0,0,100.01044885286522,0,0,0,0,100.0435844936094,0,0,0,0,100.044630191578
171,387,12.862138,0,0.0,0,0,0,0,0,0,0,0,0,0,0,0,0,0,0,0,0,33.323,46.504,46.375,0,0,True,0,347,0,0,100.07450550532086,0,0,0,0,100.04546278722344,0,0,0,0,100.0435775727184
172,395,13.128757,1,0.2532,1,1,1,0,0,0,0,0,0,0,0,0,0,0,0,0,0,33.323,51.131,47.363,0,0,True,0,355,0,0,100.02456558217433,0,0,0,0,100.03970568163489,0,0,0,0,100.04000190068953
173,336,11.162796,1,0.2976,1,1,0,1,0,0,0,0,0,0,0,0,0,0,0,0,0,33.323,44.856,53.471,0,0,True,0,305,0,0,100.02090600904287,0,0,0,0,100.04661188048595,0,0,0,0,100.04521715798435
174,397,13.19535,0,0.0,0,0,0,0,0,96,1,1,0,0,188,92,1,0,0,0,0,33.323,38.69,48.476,0,0,True,0,357,0,0,100.07627035502462,0,0,0,0,100.0460197619735,0,0,0,0,100.04485133102921
175,287,9.530012,3,1.0453,2,2,2,1,0,0,0,0,0,0,0,0,0,0,0,0,0,33.323,85.321,51.12,0,0,True,0,266,0,0,100.09624348241252,0,0,0,0,100.04240476647318,0,0,0,0,100.042688026221
176,335,11.129466,2,0.597,2,1,1,1,0,0,0,0,0,0,0,0,0,0,0,0,0,33.323,58.567,50.225,0,0,True,0,306,0,0,100.03524192375313,0,0,0,0,100.03906443466941,0,0,0,0,100.04225555269369
177,336,11.162791,2,0.5952,2,1,0,2,0,0,0,0,0,0,0,0,0,0,0,0,0,33.324,39.983,58.546,0,0,True,0,308,0,0,100.05278703368153,0,0,0,0,100.04183939345221,0,0,0,0,100.04283696965342
178,290,9.629953,2,0.6897,2,1,0,2,0,0,0,0,0,0,0,0,0,0,0,0,0,33.323,39.169,67.081,0,0,True,0,267,0,0,100.06130978288849,0,0,0,0,100.04101775311618,0,0,0,0,100.04215059366453
179,607,20.192964,2,0.3295,2,1,2,0,0,0,0,0,0,0,0,0,0,0,0,0,0,33.323,56.15,48.531,0,0,True,0,533,0,0,100.06894736359254,0,0,0,0,100.03945138308421,0,0,0,0,100.039785451111
180,361,11.995816,3,0.831,3,1,0,3,0,0,0,0,0,0,0,0,0,0,0,0,0,33.323,47.989,53.271,0,0,True,0,328,0,0,100.04729787835231,0,0,0,0,100.0402694714795,0,0,0,0,100.04172115984517
181,297,9.863251,0,0.0,0,0,0,0,0,0,0,0,0,0,0,0,0,0,0,0,0,33.323,40.341,41.646,0,0,True,0,274,0,0,100.01759024958793,0,0,0,0,100.04137490991687,0,0,0,0,100.03963921425247
182,333,11.062815,2,0.6006,2,1,0,2,0,0,0,0,0,0,0,0,0,0,0,0,0,33.323,35.625,65.248,0,0,True,0,304,0,0,100.03682574746833,0,0,0,0,100.04094756741866,0,0,0,0,100.04115366733234
183,309,10.263114,1,0.3236,1,1,0,1,0,0,0,0,0,0,0,0,0,0,0,0,0,33.324,46.151,53.446,0,0,True,0,285,0,0,100.05091007847052,0,0,0,0,100.04211321848216,0,0,0,0,100.04249373473932
184,317,10.529683,1,0.3155,1,1,1,0,0,0,0,0,0,0,0,0,0,0,0,0,0,33.323,61.359,49.731,0,0,True,0,291,0,0,100.04229767611591,0,0,0,0,100.0399468665208,0,0,0,0,100.03803691507228
185,366,12.162443,3,0.8197,3,1,0,3,0,0,0,0,0,0,0,0,0,0,0,0,0,33.323,43.564,83.21,0,0,True,0,331,0,0,100.04224342421047,0,0,0,0,100.03914476451838,0,0,0,0,100.03947053144663
186,377,12.528992,3,0.7958,3,1,1,2,0,0,0,0,0,0,0,0,0,0,0,0,0,33.323,59.63,55.706,0,0,True,0,341,0,0,100.04711135162394,0,0,0,0,100.03815888534803,0,0,0,0,100.03902111154845
187,337,11.196134,5,1.4837,5,1,2,4,0,0,0,0,0,0,0,0,0,0,0,0,0,33.323,58.483,78.264,0,0,True,0,309,0,0,100.04408473219465,0,0,0,0,100.03985261067265,0,0,0,0,100.03931340855092
188,348,11.562635,4,1.1494,4,1,1,4,0,0,0,0,0,0,0,0,0,0,0,0,0,33.323,53.448,83.315,0,0,True,0,316,0,0,100.07825022201632,0,0,0,0,100.03998420973339,0,0,0,0,100.0375518244577
189,344,11.429367,2,0.5814,2,1,2,1,0,0,0,0,0,0,0,0,0,0,0,0,0,33.323,82.15,51.441,0,0,True,0,313,0,0,100.00191014884554,0,0,0,0,100.03963077594491,0,0,0,0,100.037961478245
190,243,8.063879,4,1.6461,4,1,1,3,0,0,0,0,0,0,0,0,0,0,0,0,0,33.323,51.253,56.864,0,0,True,0,230,0,0,100.03785896653886,0,0,0,0,100.03547808083525,0,0,0,0,100.03679337920782
191,351,11.662651,2,0.5698,2,1,1,1,0,0,0,0,0,0,0,0,0,0,0,0,0,33.323,51.627,74.07,0,0,True,0,320,0,0,100.07871182829824,0,0,0,0,100.03962322910628,0,0,0,0,100.03835850716699
192,348,11.562675,3,0.8621,3,1,0,3,0,0,0,0,0,0,0,0,0,0,0,0,0,33.323,45.793,63.419,0,0,True,0,317,0,0,100.03960396039604,0,0,0,0,100.03746454531269,0,0,0,0,100.03812220761561
193,381,12.662268,2,0.5249,2,1,1,1,0,0,0,0,0,0,0,0,0,0,0,0,0,33.323,59.44,57.783,0,0,True,0,344,0,0,100.05086466277896,0,0,0,0,100.03791371259304,0,0,0,0,100.03770932762984
194,391,12.995472,2,0.5115,2,1,0,2,0,0,0,0,0,0,0,0,0,0,0,0,0,33.323,45.973,53.747,0,0,True,0,353,0,0,100.05579019577345,0,0,0,0,100.03539384854342,0,0,0,0,100.03682039490515
195,301,9.996545,0,0.0,0,0,0,0,0,0,0,0,0,0,0,0,0,0,0,0,0,33.323,48.777,46.708,0,0,True,0,279,0,0,99.97417333855421,0,0,0,0,100.03781320602434,0,0,0,0,100.03799450280347
196,340,11.296107,1,0.2941,1,1,0,1,0,0,0,0,0,0,0,0,0,0,0,0,0,33.323,44.919,52.341,0,0,True,0,309,0,0,100.03914610615706,0,0,0,0,100.03804859004863,0,0,0,0,100.03668282585507
197,380,12.628983,3,0.7895,3,1,1,2,0,0,0,0,0,0,0,0,0,0,0,0,0,33.323,53.21,51.431,0,0,True,0,345,0,0,100.03408758353376,0,0,0,0,100.03496474114583,0,0,0,0,100.03444575436714
198,340,11.296101,0,0.0,0,0,0,0,0,0,0,0,0,0,0,0,0,0,0,0,0,33.323,46.285,49.596,0,0,True,0,309,0,0,100.05629791048015,0,0,0,0,100.03331466640229,0,0,0,0,100.03562957326035
199,301,9.996548,2,0.6645,2,1,1,2,0,0,0,0,0,0,0,0,0,0,0,0,0,33.349,51.244,78.44,0,0,True,0,279,0,0,100.04065964128718,0,0,0,0,100.03685234406552,0,0,0,0,100.03847494244616
200,298,9.896589,2,0.6711,2,1,1,1,0,0,0,0,0,0,0,0,0,0,0,0,0,33.323,52.74,72.016,0,0,True,0,276,0,0,100.02595193876328,0,0,0,0,100.03743866882785,0,0,0,0,100.03778596189392
201,306,10.163158,3,0.9804,3,1,0,3,0,0,0,0,0,0,0,0,0,0,0,0,0,33.323,42.349,59.879,0,0,True,0,284,0,0,99.97899907323738,0,0,0,0,100.03696205546409,0,0,0,0,100.03660592172207
202,350,11.629316,1,0.2857,1,1,1,0,0,0,0,0,0,0,0,0,0,0,0,0,0,33.333,54.938,45.084,0,0,True,0,319,0,0,100.02800626526876,0,0,0,0,100.03612809890286,0,0,0,0,100.03864376924798
203,287,9.530029,1,0.3484,1,1,0,1,0,0,0,0,0,0,0,0,0,0,0,0,0,33.323,43.464,55.913,0,0,True,0,266,0,0,100.04379758297596,0,0,0,0,100.03634843455903,0,0,0,0,100.03803529466933
204,408,13.561999,3,0.7353,3,1,3,0,0,0,0,0,0,0,0,0,0,0,0,0,0,33.323,67.817,47.185,0,0,True,0,367,0,0,100.04248388813747,0,0,0,0,100.04035120385878,0,0,0,0,100.04001600640257
205,380,12.628996,2,0.5263,2,1,1,1,0,0,0,0,0,0,0,0,0,0,0,0,0,33.34,50.052,53.055,0,0,True,0,344,0,0,100.02417250835619,0,0,0,0,100.03376139447063,0,0,0,0,100.03360046740846
206,295,9.796592,4,1.3559,4,1,1,3,0,0,0,0,0,0,0,0,0,0,0,0,0,33.323,54.308,61.829,0,0,True,0,273,0,0,100.05914012091833,0,0,0,0,100.03692322230742,0,0,0,0,100.03596311330743
207,300,9.963231,0,0.0,0,0,0,0,0,0,0,0,0,0,0,0,0,0,0,0,0,33.323,46.464,48.88,0,0,True,0,278,0,0,100.06425034547182,0,0,0,0,100.03676191995714,0,0,0,0,100.03534400437574
208,334,11.096187,3,0.8982,3,1,0,3,0,0,0,0,0,0,0,0,0,0,0,0,0,33.326,45.398,63.43,0,0,True,0,306,0,0,100.0142043199721,0,0,0,0,100.03444900376128,0,0,0,0,100.03524660126756
209,307,10.19649,0,0.0,0,0,0,0,0,0,0,0,0,0,0,0,0,0,0,0,0,33.323,35.908,45.863,0,0,True,0,285,0,0,100.0305421850828,0,0,0,0,100.03645516604853,0,0,0,0,100.03524755705848
210,393,13.062138,1,0.2545,1,1,0,1,0,0,0,0,0,0,0,0,0,0,0,0,0,33.323,48.907,72.471,0,0,True,0,356,0,0,100.00157561034673,0,0,0,0,100.03554847347102,0,0,0,0,100.03643626621137
