episode,event,start_step,end_step_inclusive,steps,start_s,end_exclusive_s,position
0,invalid,471,471,1,15.694556,15.727877,interior
0,clutch_off,0,32,33,0.0,1.099576,initial
1,invalid,143,143,1,4.76503,4.798352,interior
1,invalid,363,363,1,12.095843,12.129165,interior
1,invalid,384,384,1,12.795603,12.828925,interior
1,invalid,476,476,1,15.861218,15.89454,interior
2,invalid,35,35,1,1.166266,1.199588,interior
2,invalid,186,186,1,6.197871,6.231193,interior
2,invalid,280,280,1,9.330141,9.363463,interior
2,invalid,316,316,1,10.529729,10.563051,interior
2,invalid,505,505,1,16.827569,16.860891,interior
3,invalid,210,210,1,6.997581,7.030903,interior
4,invalid,139,139,1,4.631742,4.665064,interior
4,invalid,168,169,2,5.598067,5.664711,interior
4,invalid,215,215,1,7.164196,7.197518,interior
4,invalid,227,227,1,7.564059,7.59738,interior
4,invalid,270,270,1,8.9969,9.030222,interior
4,invalid,307,307,1,10.22981,10.263131,interior
4,invalid,329,329,1,10.962891,10.996213,interior
4,invalid,554,554,1,18.460346,18.493668,interior
5,invalid,298,298,1,9.929924,9.963246,interior
5,invalid,328,329,2,10.929581,10.996225,interior
5,invalid,368,368,1,12.262456,12.295778,interior
6,invalid,431,431,1,14.361763,14.395085,interior
6,invalid,467,467,1,15.561351,15.594673,interior
7,invalid,116,116,1,3.865339,3.898661,interior
7,invalid,291,291,1,9.696679,9.730001,interior
7,invalid,316,316,1,10.529726,10.563048,interior
7,invalid,353,353,1,11.762636,11.795958,interior
8,invalid,73,73,1,2.432498,2.465819,interior
9,invalid,24,24,1,0.799725,0.833047,interior
9,invalid,122,122,1,4.06527,4.098592,interior
9,invalid,220,220,1,7.330818,7.36414,interior
9,invalid,336,336,1,11.196157,11.229478,interior
10,invalid,81,81,1,2.699072,2.732394,interior
10,invalid,107,107,1,3.565441,3.598763,interior
10,invalid,156,156,1,5.198213,5.231535,interior
10,invalid,410,410,1,13.661997,13.695319,interior
11,invalid,48,48,1,1.599423,1.632745,interior
11,invalid,100,100,1,3.332161,3.365483,interior
11,invalid,118,118,1,3.931955,3.965276,interior
12,invalid,19,19,1,0.633116,0.666438,interior
12,invalid,229,229,1,7.630733,7.664055,interior
13,invalid,81,81,1,2.699072,2.732394,interior
13,invalid,474,474,1,15.794606,15.827928,interior
13,invalid,492,492,1,16.3944,16.427722,interior
14,invalid,38,38,1,1.266256,1.299577,interior
14,invalid,41,41,1,1.366221,1.399543,interior
14,invalid,225,225,1,7.497448,7.53077,interior
14,invalid,355,355,1,11.829337,11.862658,interior
15,invalid,133,133,1,4.431811,4.465133,interior
15,invalid,167,167,1,5.564756,5.598077,interior
16,invalid,10,10,1,0.333218,0.366541,interior
18,invalid,77,77,1,2.565802,2.599124,interior
18,invalid,250,250,1,8.330489,8.36381,interior
19,invalid,225,226,2,7.497439,7.564083,interior
20,invalid,84,84,1,2.799038,2.83236,interior
21,invalid,24,24,1,0.799739,0.833061,interior
21,invalid,183,183,1,6.097919,6.131241,interior
21,invalid,187,187,1,6.231206,6.264528,interior
22,invalid,168,168,1,5.598084,5.631406,interior
22,invalid,274,274,1,9.130204,9.163526,interior
23,invalid,38,38,1,1.266259,1.299581,interior
23,invalid,282,282,1,9.396817,9.430138,interior
24,invalid,151,151,1,5.031646,5.064968,interior
24,invalid,212,212,1,7.064282,7.097603,interior
24,invalid,234,234,1,7.797363,7.830685,interior
24,invalid,251,251,1,8.363835,8.397157,interior
25,invalid,99,99,1,3.298887,3.332209,interior
25,invalid,200,200,1,6.664398,6.69772,interior
26,invalid,19,19,1,0.633135,0.666457,interior
26,invalid,25,25,1,0.833066,0.866388,interior
26,invalid,33,33,1,1.099642,1.132963,interior
26,invalid,361,361,1,12.029233,12.062555,interior
26,invalid,366,366,1,12.195843,12.229165,interior
27,invalid,78,78,1,2.599108,2.632429,interior
27,invalid,92,92,1,3.065614,3.098936,interior
27,invalid,270,270,1,8.996933,9.030255,interior
28,invalid,165,165,1,5.498138,5.53146,interior
28,invalid,373,373,1,12.429109,12.462431,interior
30,invalid,83,83,1,2.765717,2.799038,interior
32,invalid,359,359,1,11.96257,11.995892,interior
33,invalid,210,210,1,6.997596,7.030918,interior
33,invalid,279,279,1,9.296813,9.330135,interior
33,invalid,317,317,1,10.563045,10.596367,interior
34,invalid,21,21,1,0.699759,0.733081,interior
34,invalid,59,59,1,1.965991,1.999313,interior
34,invalid,135,135,1,4.498454,4.531776,interior
35,invalid,80,80,1,2.665751,2.699073,interior
35,invalid,232,232,1,7.730714,7.764036,interior
35,invalid,234,234,1,7.797357,7.83068,interior
35,invalid,317,317,1,10.563074,10.596396,interior
36,invalid,169,169,1,5.631433,5.664755,interior
37,invalid,69,69,1,2.299238,2.33256,interior
38,invalid,36,36,1,1.199588,1.23291,interior
38,invalid,79,79,1,2.632429,2.665751,interior
38,invalid,344,344,1,11.462764,11.496086,interior
40,invalid,87,87,1,2.899005,2.932326,interior
40,invalid,153,153,1,5.098249,5.131571,interior
40,invalid,164,164,1,5.46479,5.498112,interior
41,invalid,157,157,1,5.231581,5.264902,interior
41,invalid,302,302,1,10.063254,10.096576,interior
41,invalid,400,400,1,13.328805,13.362127,interior
42,invalid,68,68,1,2.26591,2.299232,interior
42,invalid,226,226,1,7.530769,7.564091,interior
42,invalid,262,262,1,8.730377,8.763698,interior
42,invalid,341,341,1,11.362806,11.396128,interior
42,invalid,383,383,1,12.762325,12.795647,interior
42,invalid,430,430,1,14.328453,14.361776,interior
43,invalid,104,104,1,3.465476,3.498798,interior
43,invalid,138,138,1,4.59842,4.631742,interior
43,invalid,188,188,1,6.264515,6.297837,interior
43,invalid,355,355,1,11.829285,11.862607,interior
43,invalid,359,359,1,11.962573,11.995895,interior
43,invalid,466,466,1,15.52802,15.561342,interior
43,invalid,597,597,1,19.893187,19.926509,interior
44,invalid,26,26,1,0.86637,0.899691,interior
44,invalid,146,146,1,4.865059,4.898381,interior
44,invalid,223,223,1,7.430845,7.464167,interior
44,invalid,313,313,1,10.429815,10.463137,interior
44,invalid,372,372,1,12.395797,12.429119,interior
45,invalid,81,81,1,2.699073,2.732395,interior
45,invalid,208,208,1,6.930936,6.964258,interior
46,invalid,205,205,1,6.830993,6.864315,interior
46,invalid,225,225,1,7.497431,7.530753,interior
48,invalid,12,12,1,0.399863,0.433185,interior
48,invalid,42,42,1,1.399519,1.432841,interior
48,invalid,238,238,1,7.9306,7.963922,interior
49,invalid,19,19,1,0.633116,0.666438,interior
49,invalid,135,135,1,4.498425,4.531747,interior
50,invalid,24,24,1,0.799725,0.833046,interior
50,invalid,53,53,1,1.766059,1.799381,interior
50,invalid,80,80,1,2.66575,2.699073,interior
50,invalid,261,261,1,8.697005,8.730327,interior
50,invalid,329,329,1,10.962888,10.99621,interior
51,invalid,55,55,1,1.832704,1.866026,interior
51,invalid,241,241,1,8.030552,8.063874,interior
51,invalid,304,304,1,10.12983,10.163152,interior
51,invalid,422,422,1,14.061813,14.095135,interior
52,invalid,19,19,1,0.633117,0.666438,interior
52,invalid,31,31,1,1.032979,1.066301,interior
52,invalid,139,139,1,4.631743,4.665065,interior
52,invalid,188,188,1,6.264515,6.297837,interior
53,invalid,298,298,1,9.929908,9.96323,interior
53,invalid,304,304,1,10.129839,10.163161,interior
54,invalid,153,153,1,5.098245,5.131567,interior
54,invalid,331,331,1,11.029541,11.062863,interior
55,invalid,344,344,1,11.462731,11.496052,interior
55,invalid,396,396,1,13.195496,13.228818,interior
55,invalid,448,448,1,14.928234,14.961556,interior
56,invalid,113,113,1,3.765389,3.798711,interior
57,invalid,211,211,1,7.030936,7.064259,interior
58,invalid,184,184,1,6.131226,6.164548,interior
59,invalid,35,35,1,1.166266,1.199588,interior
59,invalid,69,69,1,2.29921,2.332532,interior
59,invalid,93,93,1,3.098935,3.132257,interior
59,invalid,120,120,1,3.998626,4.031948,interior
59,invalid,204,204,1,6.797681,6.831003,interior
59,invalid,239,239,1,7.963947,7.997269,interior
60,invalid,289,289,1,9.630021,9.663357,interior
61,invalid,153,153,1,5.098249,5.13157,interior
62,invalid,115,115,1,3.832017,3.865339,interior
62,invalid,259,259,1,8.630387,8.663709,interior
62,invalid,277,277,1,9.230181,9.263503,interior
64,invalid,36,36,1,1.199588,1.23291,interior
64,invalid,106,106,1,3.532134,3.565456,interior
64,invalid,231,231,1,7.69737,7.730692,interior
64,invalid,261,261,1,8.697027,8.730348,interior
65,invalid,62,62,1,2.065957,2.099279,interior
65,invalid,255,255,1,8.497098,8.530419,interior
65,invalid,295,296,2,9.829973,9.896617,interior
67,invalid,20,20,1,0.666438,0.69976,interior
67,invalid,150,150,1,4.998286,5.031608,interior
67,clutch_off,85,163,79,2.832363,5.464803,terminal
70,invalid,174,174,1,5.798012,5.831334,interior
71,invalid,18,18,1,0.599794,0.633116,interior
71,invalid,199,199,1,6.631059,6.664381,interior
72,invalid,31,31,1,1.032979,1.0663,interior
72,invalid,136,136,1,4.531777,4.565099,interior
72,invalid,220,220,1,7.330834,7.364156,interior
72,invalid,223,223,1,7.4308,7.464121,interior
73,invalid,39,39,1,1.299578,1.3329,interior
73,invalid,197,197,1,6.564436,6.597758,interior
73,invalid,325,325,1,10.829653,10.862975,interior
74,invalid,277,277,1,9.230193,9.263515,interior
75,invalid,349,349,1,11.629374,11.662696,interior
76,invalid,1,1,1,0.033321,0.066643,interior
76,invalid,114,114,1,3.798708,3.83203,interior
76,invalid,156,156,1,5.198227,5.231549,interior
76,invalid,430,430,1,14.32845,14.361772,interior
78,invalid,123,123,1,4.098592,4.131914,interior
78,invalid,253,253,1,8.430433,8.463755,interior
80,invalid,85,85,1,2.832378,2.8657,interior
81,invalid,49,49,1,1.632777,1.666098,interior
81,invalid,103,103,1,3.432158,3.46548,interior
81,invalid,123,123,1,4.098596,4.131918,interior
81,invalid,127,127,1,4.231884,4.265206,interior
81,invalid,305,305,1,10.163201,10.196523,interior
81,invalid,338,338,1,11.262823,11.296145,interior
82,invalid,279,279,1,9.296822,9.330143,interior
83,invalid,329,329,1,10.962927,10.996249,interior
84,invalid,19,19,1,0.633116,0.666438,interior
84,invalid,25,25,1,0.833047,0.866369,interior
84,invalid,350,350,1,11.662676,11.695998,interior
84,invalid,415,415,1,13.828599,13.86192,interior
85,invalid,55,55,1,1.832705,1.866026,interior
85,invalid,115,115,1,3.832043,3.865364,interior
85,invalid,140,140,1,4.66509,4.698412,interior
85,invalid,249,249,1,8.297175,8.330497,interior
85,invalid,361,361,1,12.029254,12.062576,interior
85,invalid,403,403,1,13.428773,13.462095,interior
87,invalid,54,54,1,1.79942,1.832743,interior
87,invalid,304,304,1,10.129882,10.163204,interior
88,invalid,97,97,1,3.232247,3.265569,interior
89,invalid,192,192,1,6.39782,6.431142,interior
89,invalid,309,309,1,10.296481,10.329803,interior
90,invalid,88,88,1,2.932326,2.965648,interior
90,invalid,150,150,1,4.998283,5.031605,interior
90,invalid,311,311,1,10.363113,10.396434,interior
91,invalid,123,123,1,4.098604,4.131925,interior
92,invalid,64,64,1,2.132601,2.165922,interior
92,invalid,136,136,1,4.531776,4.565098,interior
92,invalid,246,246,1,8.197208,8.23053,interior
92,invalid,347,347,1,11.562719,11.596041,interior
93,invalid,44,44,1,1.466163,1.499485,interior
93,invalid,59,59,1,1.965992,1.999314,interior
93,invalid,139,139,1,4.631746,4.665067,interior
93,invalid,222,222,1,7.397462,7.430784,interior
93,invalid,271,271,1,9.030234,9.063556,interior
93,invalid,397,397,1,13.228804,13.262125,interior
93,invalid,428,428,1,14.261782,14.295104,interior
94,invalid,30,30,1,0.999656,1.032978,interior
94,invalid,164,164,1,5.464743,5.498065,interior
94,invalid,293,293,1,9.763267,9.796589,interior
95,invalid,143,143,1,4.764988,4.79831,interior
96,invalid,14,14,1,0.466506,0.499828,interior
97,invalid,114,114,1,3.798695,3.832017,interior
97,invalid,208,208,1,6.930952,6.964274,interior
97,invalid,214,214,1,7.130884,7.164205,interior
97,invalid,306,306,1,10.196472,10.229794,interior
98,invalid,99,99,1,3.298839,3.33216,interior
98,invalid,193,193,1,6.431096,6.464418,interior
98,invalid,227,227,1,7.56404,7.597362,interior
98,invalid,275,275,1,9.163491,9.196813,interior
99,invalid,32,32,1,1.0663,1.099622,interior
99,invalid,117,117,1,3.898612,3.931934,interior
99,invalid,163,163,1,5.431419,5.464741,interior
100,invalid,19,19,1,0.633104,0.666425,interior
100,invalid,60,60,1,1.999301,2.032623,interior
100,invalid,296,296,1,9.863253,9.896575,interior
100,invalid,301,301,1,10.029862,10.063184,interior
101,invalid,68,68,1,2.265896,2.299218,interior
101,invalid,151,151,1,5.031613,5.064934,interior
102,invalid,13,13,1,0.433184,0.466506,interior
102,invalid,155,155,1,5.164872,5.198194,interior
102,invalid,203,203,1,6.764322,6.797644,interior
103,invalid,142,142,1,4.731688,4.76501,interior
104,invalid,4,4,1,0.133288,0.16661,interior
104,invalid,41,41,1,1.366198,1.39952,interior
104,invalid,106,106,1,3.53212,3.565442,interior
104,invalid,282,282,1,9.396766,9.430088,interior
104,invalid,329,329,1,10.962895,10.996217,interior
106,invalid,66,66,1,2.199245,2.232566,interior
106,invalid,146,146,1,4.865,4.898322,interior
107,invalid,25,25,1,0.833047,0.866369,interior
108,invalid,6,6,1,0.199931,0.233253,interior
108,invalid,231,231,1,7.697307,7.730629,interior
108,invalid,285,285,1,9.496689,9.530011,interior
109,invalid,135,135,1,4.498455,4.531777,interior
109,invalid,241,241,1,8.03057,8.063892,interior
110,invalid,153,153,1,5.098243,5.131564,interior
111,invalid,69,69,1,2.299262,2.332584,interior
111,invalid,270,270,1,8.996902,9.030224,interior
112,invalid,183,183,1,6.097887,6.131208,interior
112,invalid,279,279,1,9.296788,9.33011,interior
113,invalid,98,98,1,3.265545,3.298867,interior
113,invalid,135,135,1,4.498455,4.531777,interior
113,invalid,183,183,1,6.097906,6.131227,interior
115,invalid,86,86,1,2.865699,2.899021,interior
115,invalid,122,123,2,4.065287,4.131931,interior
115,invalid,191,191,1,6.364497,6.397819,interior
115,invalid,276,276,1,9.196858,9.230179,interior
115,invalid,300,300,1,9.996569,10.029891,interior
115,invalid,327,327,1,10.89626,10.929582,interior
115,invalid,334,334,1,11.129513,11.162835,interior
116,invalid,182,182,1,6.064589,6.097911,interior
117,invalid,78,78,1,2.599108,2.632429,interior
119,invalid,31,31,1,1.032979,1.066301,interior
119,invalid,81,81,1,2.699073,2.732395,interior
119,invalid,422,422,1,14.061993,14.095315,interior
120,invalid,279,279,1,9.296854,9.330177,interior
120,invalid,324,324,1,10.796339,10.829661,interior
122,invalid,108,108,1,3.598846,3.632168,interior
122,invalid,555,555,1,18.49387,18.527192,interior
122,invalid,600,600,1,19.993355,20.026677,interior
124,invalid,8,8,1,0.266575,0.299897,interior
124,invalid,30,30,1,0.999657,1.032979,interior
124,invalid,198,198,1,6.597807,6.631129,interior
124,invalid,281,282,2,9.363524,9.430168,interior
125,invalid,97,97,1,3.232223,3.265545,interior
125,invalid,256,256,1,8.530454,8.563776,interior
126,invalid,141,141,1,4.698386,4.731708,interior
127,invalid,202,202,1,6.731091,6.764413,interior
128,invalid,0,0,1,0.0,0.033322,initial
128,invalid,13,13,1,0.433185,0.466507,interior
128,clutch_off,304,357,54,10.129975,11.929368,terminal
129,invalid,101,101,1,3.36551,3.398832,interior
129,invalid,377,377,1,12.562444,12.595765,interior
131,invalid,79,79,1,2.632481,2.665803,interior
131,invalid,91,91,1,3.032344,3.065665,interior
132,invalid,250,250,1,8.330525,8.363847,interior
133,invalid,13,13,1,0.433185,0.466507,interior
133,invalid,178,178,1,5.931355,5.964677,interior
133,invalid,275,275,1,9.163608,9.19693,interior
134,invalid,165,165,1,5.498162,5.531484,interior
134,invalid,296,296,1,9.863329,9.896651,interior
135,clutch_off,268,330,63,8.930312,11.029602,terminal
136,invalid,308,308,1,10.263173,10.296495,interior
138,invalid,242,242,1,8.063939,8.097261,interior
139,invalid,150,150,1,4.998283,5.031604,interior
139,invalid,168,168,1,5.598077,5.631399,interior
140,invalid,38,39,2,1.266232,1.332876,interior
140,invalid,242,242,1,8.063933,8.097255,interior
140,invalid,280,280,1,9.330164,9.363486,interior
141,invalid,33,33,1,1.099622,1.132944,interior
141,invalid,243,243,1,8.097251,8.130572,interior
142,invalid,49,49,1,1.632773,1.666123,interior
143,invalid,92,92,1,3.065613,3.098935,interior
144,invalid,116,116,1,3.865357,3.898679,interior
144,invalid,151,151,1,5.031623,5.064945,interior
147,invalid,15,15,1,0.499827,0.533149,interior
147,invalid,184,184,1,6.131258,6.164579,interior
148,invalid,42,42,1,1.399551,1.432873,interior
148,invalid,130,130,1,4.331877,4.365199,interior
149,invalid,0,0,1,0.0,0.033322,initial
149,invalid,84,84,1,2.799038,2.83236,interior
149,invalid,282,282,1,9.396803,9.430124,interior
150,invalid,126,126,1,4.198574,4.231896,interior
150,invalid,312,312,1,10.396481,10.429802,interior
150,invalid,346,346,1,11.529425,11.562747,interior
150,invalid,475,475,1,15.827948,15.86127,interior
150,clutch_off,391,502,112,13.02891,16.760972,terminal
150,tracking_off_with_clutch_on,168,390,223,5.598093,13.02891,interior
151,invalid,88,88,1,2.932353,2.965675,interior
151,invalid,137,137,1,4.565126,4.598448,interior
152,invalid,128,128,1,4.265216,4.298538,interior
153,invalid,218,218,1,7.264219,7.297541,interior
155,invalid,59,59,1,1.965991,1.999313,interior
155,invalid,106,106,1,3.53212,3.565442,interior
156,invalid,13,13,1,0.433185,0.466506,interior
157,invalid,83,83,1,2.765721,2.799042,interior
157,invalid,167,167,1,5.564759,5.598081,interior
157,invalid,188,188,1,6.264519,6.29784,interior
157,invalid,403,403,1,13.428732,13.462054,interior
158,invalid,19,19,1,0.633116,0.666438,interior
159,invalid,35,35,1,1.166276,1.199598,interior
159,invalid,49,49,1,1.632782,1.666104,interior
159,invalid,86,86,1,2.865692,2.899014,interior
159,invalid,410,410,1,13.662002,13.695324,interior
161,invalid,42,42,1,1.39952,1.432842,interior
161,invalid,53,53,1,1.76606,1.799382,interior
162,invalid,94,94,1,3.132278,3.1656,interior
162,invalid,383,383,1,12.762309,12.795631,interior
163,invalid,83,83,1,2.765715,2.799037,interior
163,invalid,180,180,1,5.997938,6.03126,interior
164,invalid,163,163,1,5.431481,5.464803,interior
164,invalid,443,443,1,14.761626,14.794948,interior
164,invalid,531,531,1,17.693964,17.727286,interior
165,invalid,169,169,1,5.631422,5.664743,interior
165,invalid,240,240,1,7.997276,8.030597,interior
165,invalid,382,382,1,12.728996,12.762318,interior
166,invalid,37,37,1,1.23291,1.266232,interior
166,invalid,40,41,2,1.332876,1.399519,interior
166,invalid,81,81,1,2.699073,2.732395,interior
166,invalid,163,163,1,5.431478,5.4648,interior
167,invalid,147,147,1,4.898313,4.931635,interior
167,invalid,183,183,1,6.097901,6.131223,interior
167,invalid,344,344,1,11.462725,11.496046,interior
168,invalid,28,28,1,0.933012,0.966334,interior
168,invalid,132,132,1,4.398489,4.431811,interior
168,invalid,166,166,1,5.531433,5.564755,interior
168,invalid,356,356,1,11.862596,11.895918,interior
170,invalid,90,90,1,2.99897,3.032292,interior
170,invalid,164,164,1,5.464744,5.498066,interior
172,invalid,195,195,1,6.497714,6.531036,interior
173,invalid,105,105,1,3.498762,3.532084,interior
174,clutch_off,220,315,96,7.330741,10.529599,interior
174,tracking_off_with_clutch_on,128,219,92,4.265128,7.330741,interior
175,invalid,4,5,2,0.133287,0.199931,interior
175,invalid,282,282,1,9.396725,9.430047,interior
176,invalid,4,4,1,0.133288,0.16661,interior
176,invalid,69,69,1,2.29921,2.332532,interior
177,invalid,187,187,1,6.231193,6.264515,interior
177,invalid,227,227,1,7.564027,7.597348,interior
178,invalid,29,29,1,0.966334,0.999656,interior
178,invalid,159,159,1,5.298107,5.331429,interior
179,invalid,41,41,1,1.366198,1.39952,interior
179,invalid,540,540,1,17.993775,18.027097,interior
180,invalid,93,93,1,3.098899,3.132221,interior
180,invalid,260,260,1,8.663627,8.696949,interior
180,invalid,312,312,1,10.396365,10.429687,interior
182,invalid,187,187,1,6.231145,6.264467,interior
182,invalid,266,266,1,8.863574,8.896896,interior
183,invalid,10,10,1,0.333219,0.36654,interior
184,invalid,86,86,1,2.865682,2.899004,interior
185,invalid,209,209,1,6.964253,6.997575,interior
185,invalid,289,289,1,9.62998,9.663301,interior
185,invalid,319,319,1,10.629636,10.662958,interior
186,invalid,34,34,1,1.132944,1.166266,interior
186,invalid,102,102,1,3.398832,3.432154,interior
186,invalid,356,356,1,11.862555,11.895876,interior
187,invalid,106,106,1,3.53212,3.565442,interior
187,invalid,108,108,1,3.598764,3.632086,interior
187,invalid,142,142,1,4.731708,4.76503,interior
187,invalid,251,251,1,8.363774,8.397096,interior
187,invalid,319,319,1,10.629662,10.662984,interior
188,invalid,76,76,1,2.532429,2.565751,interior
188,invalid,172,172,1,5.73133,5.764652,interior
188,invalid,213,213,1,7.097527,7.130849,interior
188,invalid,272,272,1,9.063518,9.09684,interior
189,invalid,33,33,1,1.099622,1.132943,interior
189,invalid,207,207,1,6.897603,6.930925,interior
190,invalid,15,15,1,0.499829,0.53315,interior
190,invalid,50,50,1,1.666094,1.699417,interior
190,invalid,79,79,1,2.632429,2.665751,interior
190,invalid,185,185,1,6.16455,6.197871,interior
191,invalid,83,83,1,2.765717,2.799039,interior
191,invalid,146,146,1,4.864995,4.898317,interior
192,invalid,92,92,1,3.065614,3.098936,interior
192,invalid,123,123,1,4.098592,4.131914,interior
192,invalid,222,222,1,7.397439,7.430761,interior
193,invalid,22,22,1,0.733082,0.766404,interior
193,invalid,129,129,1,4.298485,4.331807,interior
194,invalid,122,122,1,4.065226,4.098548,interior
194,invalid,268,268,1,8.930202,8.963524,interior
196,invalid,307,307,1,10.229807,10.263129,interior
197,invalid,236,236,1,7.863953,7.897275,interior
197,invalid,253,253,1,8.430425,8.463747,interior
197,invalid,346,346,1,11.529361,11.562682,interior
199,invalid,12,12,1,0.399889,0.433211,interior
199,invalid,236,236,1,7.863992,7.897314,interior
200,invalid,60,60,1,1.999313,2.032635,interior
200,invalid,217,217,1,7.230838,7.26416,interior
201,invalid,63,63,1,2.099279,2.132601,interior
201,invalid,83,83,1,2.765717,2.799022,interior
201,invalid,136,136,1,4.531759,4.565081,interior
202,invalid,149,149,1,4.964973,4.998294,interior
203,invalid,58,58,1,1.932669,1.965991,interior
204,invalid,186,186,1,6.197864,6.231186,interior
204,invalid,233,233,1,7.763993,7.797315,interior
204,invalid,335,335,1,11.162823,11.196145,interior
205,invalid,90,90,1,2.998953,3.032275,interior
205,invalid,234,234,1,7.797305,7.830627,interior
206,invalid,6,6,1,0.199931,0.233253,interior
206,invalid,71,71,1,2.365854,2.399176,interior
206,invalid,75,75,1,2.499141,2.532464,interior
206,invalid,137,137,1,4.565098,4.59842,interior
208,invalid,3,3,1,0.099965,0.133288,interior
208,invalid,35,35,1,1.166266,1.199588,interior
208,invalid,286,286,1,9.530064,9.563386,interior
210,invalid,352,352,1,11.729263,11.762585,interior
