task,cleaned_episode,source_episode,split,steps,sample_span_seconds,metadata_recording_seconds,d3_min_m,d3_max_m,d3_range_m
ring_over_peg_redo,0,0,train,729,24.258697,24.321821509,0.7394295334815979,1.0160925388336182,0.27666300535202026
ring_over_peg_redo,1,1,train,875,29.12372,29.209514959,0.6684120893478394,0.9721274375915527,0.3037153482437134
ring_over_peg_redo,2,2,train,577,19.193798,19.243092801,0.7104992270469666,0.9430272579193115,0.23252803087234497
ring_over_peg_redo,3,3,train,668,22.226087,22.302092671,0.657744824886322,0.9236738085746765,0.2659289836883545
ring_over_peg_redo,4,4,train,492,16.361286,16.379703834,0.6703610420227051,0.9406954646110535,0.2703344225883484
ring_over_peg_redo,5,5,train,526,17.494223,17.56989792,0.6667413115501404,0.9236140251159668,0.2568727135658264
ring_over_peg_redo,6,6,validation,843,28.05742,28.098304001,0.6134414672851562,0.9259623289108276,0.3125208616256714
ring_over_peg_redo,7,7,train,511,16.994419,17.039425036,0.6921420097351074,0.8785395622253418,0.18639755249023438
ring_over_peg_redo,8,8,train,595,19.793458,19.859083303,0.7043368220329285,0.9645601511001587,0.2602233290672302
ring_over_peg_redo,9,9,train,473,15.728181,15.750978574,0.7034545540809631,0.9478327035903931,0.24437814950942993
ring_over_peg_redo,10,10,train,437,14.528588,14.606764789,0.7088999152183533,0.9490203857421875,0.24012047052383423
ring_over_peg_redo,11,11,train,622,20.693278,20.737978822,0.7088135480880737,0.9879332184791565,0.27911967039108276
ring_over_peg_redo,12,12,train,667,22.192764,22.279550269,0.6547149419784546,1.0405902862548828,0.3858753442764282
ring_over_peg_redo,13,13,train,556,18.493936,18.563878529,0.7279204726219177,1.0050139427185059,0.27709347009658813
ring_over_peg_redo,14,14,train,595,19.793463,19.862794242,0.7084578275680542,1.0551800727844238,0.34672224521636963
ring_over_peg_redo,15,15,train,511,16.994416,17.033431645,0.7309197187423706,1.041916847229004,0.3109971284866333
ring_over_peg_redo,16,16,train,549,18.260788,18.32460339,0.7196394205093384,0.9048588275909424,0.185219407081604
ring_over_peg_redo,17,17,train,600,19.960064,19.99569119,0.7308331727981567,0.983334481716156,0.25250130891799927
ring_over_peg_redo,18,18,train,607,20.193459,20.267858692,0.707818865776062,1.0014498233795166,0.2936309576034546
ring_over_peg_redo,19,19,train,505,16.794626,16.869185493,0.7022707462310791,0.9321110844612122,0.22984033823013306
ring_over_peg_redo,20,20,train,621,20.659971,20.716331863,0.7575486302375793,1.0036373138427734,0.2460886836051941
ring_over_peg_redo,21,21,train,542,18.027547,18.080975547,0.7622301578521729,1.062129259109497,0.2998991012573242
ring_over_peg_redo,22,22,train,621,20.659952,20.736517469,0.7366026639938354,0.9422692656517029,0.20566660165786743
ring_over_peg_redo,23,23,train,639,21.259637,21.328375771,0.7258329391479492,0.9383847713470459,0.21255183219909668
ring_over_peg_redo,24,24,train,569,18.927247,18.981738341,0.6292296648025513,0.9890186786651611,0.35978901386260986
ring_over_peg_redo,25,25,validation,635,21.12647,21.188542046,0.7362106442451477,1.015148639678955,0.2789379954338074
ring_over_peg_redo,26,26,train,667,22.192782,22.238118402,0.7290907502174377,0.9942942261695862,0.26520347595214844
ring_over_peg_redo,27,27,train,652,21.692943,21.73671368,0.6602555513381958,0.884639322757721,0.22438377141952515
ring_over_peg_redo,28,28,train,534,17.760814,17.843742317,0.6933146715164185,0.9579858183860779,0.2646711468696594
ring_over_peg_redo,29,29,train,510,16.961236,17.017649785,0.7098153233528137,0.8936715722084045,0.18385624885559082
ring_over_peg_redo,30,30,train,640,21.293071,21.360061891,0.7201521396636963,1.0174283981323242,0.29727625846862793
ring_over_peg_redo,31,31,train,474,15.761506,15.826728711,0.6895722150802612,0.8707810640335083,0.18120884895324707
ring_over_peg_redo,32,32,train,661,21.992847,22.01414421,0.7043105959892273,1.0109729766845703,0.306662380695343
ring_over_peg_redo,33,33,train,537,17.860792,17.918519111,0.7308902740478516,0.9829415082931519,0.2520512342453003
ring_over_peg_redo,34,34,train,495,16.461294,16.526167863,0.7107468843460083,0.9013943672180176,0.19064748287200928
ring_over_peg_redo,35,35,train,561,18.660662,18.703531412,0.7098464369773865,0.9438583254814148,0.23401188850402832
ring_over_peg_redo,36,36,validation,464,15.428292,15.474342545,0.6958206295967102,0.895903468132019,0.20008283853530884
ring_over_peg_redo,37,37,train,671,22.32606,22.370530454,0.7157599925994873,1.0160975456237793,0.300337553024292
ring_over_peg_redo,38,38,train,532,17.694207,17.740325567,0.7060117721557617,0.9197739958763123,0.21376222372055054
ring_over_peg_redo,39,39,validation,634,21.093152,21.167189801,0.7153196930885315,0.9257485270500183,0.21042883396148682
ring_over_peg_redo,40,41,train,614,20.425548,20.493704846,0.5936065912246704,0.9570892453193665,0.36348265409469604
ring_over_peg_redo,41,42,validation,496,16.49361,16.575703246,0.6846551299095154,0.8586462736129761,0.1739911437034607
ring_over_peg_redo,42,43,train,607,20.192363,20.28345099,0.7073600888252258,0.9416806697845459,0.23432058095932007
ring_over_peg_redo,43,44,train,531,17.659978,17.744047482,0.668734073638916,0.878807544708252,0.21007347106933594
ring_over_peg_redo,44,45,train,521,17.326471,17.414172872,0.6734506487846375,0.8766130805015564,0.20316243171691895
ring_over_peg_redo,45,46,train,670,22.291573,22.351323142,0.7061976790428162,0.8738287091255188,0.16763103008270264
ring_over_peg_redo,46,47,train,540,17.959961,18.017225781,0.7251569032669067,0.9592622518539429,0.23410534858703613
ring_over_peg_redo,47,48,train,545,18.126601,18.189122847,0.721606433391571,0.9236660003662109,0.2020595669746399
ring_over_peg_redo,48,49,train,579,19.259426,19.348421517,0.7176498770713806,0.9121843576431274,0.19453448057174683
ring_over_peg_redo,49,50,train,300,9.962825,10.017701137,0.7206936478614807,0.8921604156494141,0.17146676778793335
ring_over_peg_redo,50,50,train,263,8.730154,8.79381959,0.7062106132507324,0.9019588232040405,0.1957482099533081
ring_over_peg_redo,51,56,train,488,16.227579,16.325389375,0.7306143045425415,1.004164457321167,0.2735501527786255
ring_over_peg_redo,52,57,train,509,16.927332,17.019961735,0.7226813435554504,0.9608703851699829,0.23818904161453247
ring_over_peg_redo,53,58,train,501,16.660757,16.726880288,0.6849604249000549,0.900954008102417,0.21599358320236206
ring_over_peg_redo,54,59,train,577,19.193185,19.292176877,0.669312059879303,0.9693114161491394,0.2999993562698364
ring_over_peg_redo,55,60,train,589,19.593125,19.657801206,0.7238585948944092,0.9152718186378479,0.19141322374343872
ring_over_peg_redo,56,61,train,551,18.326839,18.435009794,0.6635005474090576,1.0108180046081543,0.3473174571990967
ring_over_peg_redo,57,62,train,469,15.594566,15.644086072,0.7946580052375793,1.0270015001296997,0.23234349489212036
ring_over_peg_redo,58,63,train,454,15.094732,15.149093368,0.744875967502594,0.9968523979187012,0.2519764304161072
ring_over_peg_redo,59,64,train,554,18.426869,18.494553783,0.6899431943893433,1.0233559608459473,0.333412766456604
ring_over_peg_redo,60,65,train,509,16.927386,17.009348837,0.7177742123603821,0.9347715973854065,0.21699738502502441
ring_over_peg_redo,61,66,train,525,17.460605,17.543221377,0.7438101172447205,0.9300876259803772,0.18627750873565674
ring_over_peg_redo,62,67,train,367,12.195757,12.238202002,0.7133514285087585,0.843722939491272,0.13037151098251343
ring_over_peg_redo,63,67,train,125,4.131889,4.199527413,0.7184408903121948,0.8436289429664612,0.12518805265426636
ring_over_peg_redo,64,68,train,578,19.226777,19.26911078,0.6776263117790222,0.960591733455658,0.28296542167663574
ring_over_peg_redo,65,69,train,578,19.22676,19.275514618,0.6915023922920227,0.9201225638389587,0.22862017154693604
ring_over_peg_redo,66,70,train,478,15.894583,15.962947394,0.7285745739936829,0.9680976867675781,0.23952311277389526
ring_over_peg_redo,67,71,train,593,19.726599,19.793685713,0.754822313785553,1.0501081943511963,0.2952858805656433
ring_over_peg_redo,68,72,train,452,15.028218,15.090925095,0.7142117023468018,0.8608379364013672,0.14662623405456543
ring_over_peg_redo,69,73,train,563,18.726986,18.797922456,0.7465413808822632,0.9461780190467834,0.19963663816452026
ring_over_peg_redo,70,75,train,576,19.160199,19.216134797,0.7672208547592163,0.9937177896499634,0.22649693489074707
ring_over_peg_redo,71,76,validation,599,19.926562,19.993656962,0.7350952625274658,0.93644118309021,0.20134592056274414
ring_over_peg_redo,72,77,validation,515,17.127537,17.204743269,0.7240311503410339,0.9222540259361267,0.19822287559509277
ring_over_peg_redo,73,78,train,502,16.694345,16.774819717,0.7389505505561829,0.9093260169029236,0.17037546634674072
ring_over_peg_redo,74,79,validation,504,16.761044,16.793521714,0.747113049030304,0.9628402590751648,0.21572721004486084
ring_over_peg_redo,75,80,train,450,14.961609,15.012552364,0.751570463180542,0.9638088345527649,0.2122383713722229
ring_over_peg_redo,76,81,train,730,24.291793,24.366122853,0.7086546421051025,0.911593496799469,0.20293885469436646
ring_over_peg_redo,77,82,train,624,20.759672,20.823677151,0.7249411344528198,0.9069029688835144,0.18196183443069458
ring_over_peg_redo,78,83,train,474,15.761349,15.830426302,0.7394697070121765,0.9377484321594238,0.19827872514724731
ring_over_peg_redo,79,84,train,548,18.227171,18.279951643,0.7072075009346008,0.864958643913269,0.1577511429786682
ring_over_peg_redo,80,85,validation,660,21.959228,21.996888337,0.6987800598144531,0.8975517749786377,0.19877171516418457
ring_over_peg_redo,81,86,train,568,18.893612,18.969239276,0.711566686630249,0.9145711660385132,0.20300447940826416
ring_over_peg_redo,82,87,train,510,16.960946,17.034495717,0.7307118773460388,0.898334801197052,0.16762292385101318
ring_over_peg_redo,83,88,validation,579,19.26015,19.310966433,0.7133547067642212,0.9563072919845581,0.24295258522033691
ring_over_peg_redo,84,89,train,529,17.594116,17.64854438,0.6658253073692322,0.8374537825584412,0.17162847518920898
ring_over_peg_redo,85,90,train,453,15.06161,15.127162952,0.6696175932884216,0.8495094776153564,0.17989188432693481
ring_over_peg_redo,86,91,train,452,15.028277,15.061454248,0.654225766658783,0.8528894782066345,0.19866371154785156
ring_over_peg_redo,87,92,train,583,19.393482,19.475052475,0.629511296749115,0.8749424815177917,0.24543118476867676
ring_over_peg_redo,88,93,train,444,14.761701,14.84741261,0.6760351061820984,0.8885842561721802,0.2125491499900818
ring_over_peg_redo,89,94,validation,461,15.328188,15.391118005,0.7106188535690308,0.9428648948669434,0.2322460412979126
ring_over_peg_redo,90,95,train,541,17.993926,18.045497609,0.708276093006134,0.8960011005401611,0.1877250075340271
ring_over_peg_redo,91,96,train,570,18.959689,19.004812476,0.7210671305656433,0.9459384679794312,0.22487133741378784
ring_over_peg_redo,92,97,train,513,17.060527,17.10070888,0.6973217725753784,0.9059525728225708,0.20863080024719238
ring_over_peg_redo,93,98,train,780,25.957359,26.025376787,0.710578441619873,0.9427500367164612,0.23217159509658813
ring_over_peg_redo,94,99,train,508,16.893952,16.970190677,0.6845104098320007,0.9174751043319702,0.23296469449996948
ring_over_peg_redo,95,100,train,654,21.758857,21.797736492,0.6681102514266968,0.8717120885848999,0.20360183715820312
ring_over_peg_redo,96,101,train,514,17.093904,17.15156831,0.7138085961341858,0.9720860719680786,0.2582774758338928
ring_over_peg_redo,97,102,train,518,17.227198,17.268450865,0.7076376676559448,1.0163177251815796,0.30868005752563477
ring_over_peg_redo,98,103,train,610,20.292852,20.350811336,0.7456427216529846,0.9391548037528992,0.19351208209991455
ring_over_peg_redo,99,104,validation,627,20.859257,20.91152767,0.7282106280326843,0.9921934008598328,0.26398277282714844
ring_over_peg_redo,100,105,train,553,18.393527,18.459845898,0.7280173301696777,1.0196502208709717,0.29163289070129395
ring_over_peg_redo,101,106,train,303,10.06313,10.100957048,0.7516357898712158,0.9249807596206665,0.17334496974945068
ring_over_peg_redo,102,106,train,357,11.862456,11.909362375,0.7324586510658264,1.0348683595657349,0.30240970849990845
ring_over_peg_redo,103,107,train,601,19.993025,20.059696346,0.7388030290603638,1.0257196426391602,0.2869166135787964
ring_over_peg_redo,104,108,train,476,15.82779,15.858023417,0.6791136860847473,0.8889139294624329,0.20980024337768555
ring_over_peg_redo,105,109,train,766,25.491044,25.547027729,0.6788142323493958,0.8844497203826904,0.20563548803329468
ring_over_peg_redo,106,110,train,576,19.160003,19.223686727,0.710382878780365,0.935917854309082,0.22553497552871704
ring_over_peg_redo,107,111,train,582,19.359904,19.389160592,0.681821882724762,0.8535089492797852,0.1716870665550232
ring_over_peg_redo,108,112,train,471,15.661221,15.72638603,0.7628917694091797,0.962259829044342,0.19936805963516235
ring_over_peg_redo,109,113,train,647,21.525858,21.577210263,0.7183253169059753,1.0245965719223022,0.3062712550163269
ring_over_peg_redo,110,114,train,621,20.659498,20.700553502,0.712148904800415,0.9935563802719116,0.2814074754714966
ring_over_peg_redo,111,115,train,605,20.126379,20.170237205,0.7261196970939636,0.955291211605072,0.2291715145111084
ring_over_peg_redo,112,116,train,712,23.691799,23.756636654,0.712641179561615,1.0527671575546265,0.3401259779930115
ring_over_peg_redo,113,117,train,557,18.526937,18.563895499,0.7340562343597412,1.0474377870559692,0.313381552696228
ring_over_peg_redo,114,118,train,462,15.361382,15.4150425,0.7315327525138855,0.9660264849662781,0.23449373245239258
ring_over_peg_redo,115,119,train,617,20.526261,20.584638878,0.7578908801078796,0.8942151665687561,0.13632428646087646
ring_over_peg_redo,116,120,train,708,23.558563,23.584553119,0.7252720594406128,1.0318362712860107,0.30656421184539795
ring_over_peg_redo,117,121,train,562,18.69361,18.754882141,0.6019062995910645,0.8605459332466125,0.2586396336555481
ring_over_peg_redo,118,122,validation,598,19.893194,19.962415846,0.661787748336792,0.8513328433036804,0.18954509496688843
ring_over_peg_redo,119,123,validation,696,23.158768,23.240496646,0.677670955657959,1.0309416055679321,0.35327064990997314
ring_over_peg_redo,120,124,train,98,3.232223,3.287574899,0.7456247210502625,0.7876220941543579,0.04199737310409546
ring_over_peg_redo,121,124,train,576,19.160128,19.202189979,0.7121303081512451,1.0159375667572021,0.30380725860595703
ring_over_peg_redo,122,125,train,616,20.493,20.548008327,0.7086207866668701,0.9691868424415588,0.2605660557746887
ring_over_peg_redo,123,126,validation,547,18.193821,18.263561371,0.7600746154785156,0.9623533487319946,0.202278733253479
ring_over_peg_redo,124,127,train,662,22.025843,22.088517969,0.712886393070221,1.0889936685562134,0.37610727548599243
ring_over_peg_redo,125,128,train,621,20.659643,20.714169489,0.7299416065216064,0.9225834012031555,0.19264179468154907
ring_over_peg_redo,126,129,train,590,19.626647,19.705551284,0.6951407194137573,0.9536693692207336,0.2585286498069763
ring_over_peg_redo,127,130,train,560,18.627021,18.708252789,0.7153681516647339,0.9572795629501343,0.2419114112854004
ring_over_peg_redo,128,132,train,488,16.227821,16.30422021,0.6912850141525269,0.8386771082878113,0.14739209413528442
ring_over_peg_redo,129,133,train,519,17.260805,17.306451668,0.671431839466095,0.8384682536125183,0.16703641414642334
ring_over_peg_redo,130,135,train,662,22.025868,22.065713786,0.691523015499115,0.9384338855743408,0.24691087007522583
ring_over_peg_redo,131,136,train,711,23.658645,23.709729353,0.6866074800491333,1.0033507347106934,0.31674325466156006
ring_over_peg_redo,132,137,train,615,20.459741,20.527674335,0.7306668758392334,1.0839378833770752,0.3532710075378418
ring_over_peg_redo,133,138,validation,514,17.094231,17.15903304,0.7085111737251282,0.928993821144104,0.22048264741897583
ring_over_peg_redo,134,139,train,532,17.694005,17.743581987,0.6872438788414001,0.8467200994491577,0.15947622060775757
ring_over_peg_redo,135,140,train,665,22.125832,22.196152682,0.6652597188949585,0.9551981687545776,0.28993844985961914
ring_over_peg_redo,136,141,train,520,17.294137,17.377264388,0.7081537246704102,0.8864585161209106,0.1783047914505005
ring_over_peg_redo,137,142,train,650,21.626022,21.683920918,0.6793780326843262,0.9999545812606812,0.320576548576355
ring_over_peg_redo,138,143,train,747,24.858252,24.893354146,0.727958083152771,0.9297119379043579,0.20175385475158691
ring_over_peg_redo,139,144,train,552,18.360476,18.42354296,0.7179595828056335,0.957383930683136,0.23942434787750244
ring_over_peg_redo,140,145,train,631,20.992859,21.046253186,0.6362486481666565,0.8666231632232666,0.2303745150566101
ring_over_peg_redo,141,146,train,510,16.960909,16.986497675,0.664520800113678,0.8573242425918579,0.19280344247817993
ring_over_peg_redo,142,148,train,471,15.661177,15.727172563,0.7413929104804993,0.9386423230171204,0.1972494125366211
ring_over_peg_redo,143,149,train,625,20.792709,20.807894366,0.7196874618530273,0.9478363990783691,0.2281489372253418
ring_over_peg_redo,144,150,train,545,18.126971,18.17554424,0.7211999297142029,0.9111650586128235,0.1899651288986206
ring_over_peg_redo,145,151,train,559,18.593536,18.644518805,0.7010025978088379,0.9238188862800598,0.22281628847122192
ring_over_peg_redo,146,152,train,615,20.459544,20.5224779,0.7318118810653687,1.028725504875183,0.29691362380981445
ring_over_peg_redo,147,153,train,523,17.393934,17.455608948,0.76314777135849,0.9476749897003174,0.1845272183418274
ring_over_peg_redo,148,154,train,503,16.727521,16.785965547,0.6923574805259705,0.9132856130599976,0.2209281325340271
ring_over_peg_redo,149,155,train,622,20.692811,20.742709327,0.6602926254272461,0.9388238787651062,0.2785312533378601
ring_over_peg_redo,150,156,train,611,20.326275,20.37194744,0.6890121698379517,0.9784927368164062,0.2894805669784546
ring_over_peg_redo,151,157,train,518,17.227375,17.2716719,0.7330512404441833,1.028160810470581,0.2951095700263977
ring_over_peg_redo,152,158,train,632,21.02606,21.084673255,0.7085520029067993,0.884595513343811,0.17604351043701172
ring_over_peg_redo,153,160,train,658,21.892441,21.953897131,0.7413029074668884,0.8806812167167664,0.13937830924987793
ring_over_peg_redo,154,161,train,620,20.626274,20.69206495,0.6502141952514648,0.9619427919387817,0.3117285966873169
ring_over_peg_redo,155,162,train,459,15.261455,15.322193774,0.7644751071929932,0.9287043213844299,0.16422921419143677
ring_over_peg_redo,156,163,train,579,19.260083,19.319771132,0.7158533334732056,1.0561703443527222,0.3403170108795166
ring_over_peg_redo,157,164,train,558,18.560337,18.611358246,0.7349932193756104,0.8926904797554016,0.15769726037979126
ring_over_peg_redo,158,165,train,635,21.126115,21.187367451,0.7036638855934143,0.9334931373596191,0.22982925176620483
ring_over_peg_redo,159,166,train,542,18.027179,18.100747343,0.7339769005775452,0.9142038822174072,0.18022698163986206
ring_over_peg_redo,160,167,train,593,19.726445,19.782024158,0.6840322613716125,0.9341053366661072,0.25007307529449463
ring_over_peg_redo,161,168,train,677,22.525447,22.58225531,0.6749271750450134,0.9962776303291321,0.32135045528411865
ring_over_peg_redo,162,169,train,507,16.860783,16.937793025,0.7173612713813782,0.9159159660339355,0.19855469465255737
ring_over_peg_redo,163,170,validation,359,11.929133,11.984654854,0.727845311164856,0.8723742961883545,0.14452898502349854
ring_over_peg_redo,164,170,train,227,7.530707,7.575084801,0.6818106770515442,0.8744581341743469,0.19264745712280273
ring_over_peg_redo,165,171,train,523,17.393955,17.451460655,0.6708424687385559,0.8461969494819641,0.1753544807434082
ring_over_peg_redo,166,172,train,754,25.091275,25.120573864,0.6460371613502502,0.8404711484909058,0.19443398714065552
ring_over_peg_redo,167,173,train,563,18.726813,18.774419434,0.682398796081543,0.9948166608810425,0.3124178647994995
ring_over_peg_redo,168,174,train,630,20.959399,20.9971089,0.7214193940162659,0.9081836938858032,0.18676429986953735
ring_over_peg_redo,169,175,train,602,20.026379,20.075627907,0.7182842493057251,0.9621637463569641,0.243879497051239
ring_over_peg_redo,170,176,train,692,23.025371,23.095712845,0.7283875346183777,0.895309329032898,0.16692179441452026
ring_over_peg_redo,171,177,train,583,19.393303,19.467813513,0.7073721885681152,1.0041512250900269,0.2967790365219116
ring_over_peg_redo,172,178,train,643,21.392603,21.443780202,0.7186402082443237,1.0178271532058716,0.29918694496154785
ring_over_peg_redo,173,179,train,653,21.725835,21.795806172,0.7420598268508911,0.9660392999649048,0.22397947311401367
ring_over_peg_redo,174,180,train,589,19.593253,19.636369025,0.7014180421829224,1.0427013635635376,0.34128332138061523
ring_over_peg_redo,175,181,train,587,19.526614,19.596987593,0.6250762343406677,0.8296607732772827,0.204584538936615
ring_over_peg_redo,176,182,train,568,18.893498,18.938723906,0.6347650289535522,1.0167512893676758,0.38198626041412354
ring_over_peg_redo,177,183,train,583,19.393324,19.42375648,0.7472095489501953,0.8881375193595886,0.1409279704093933
ring_over_peg_redo,178,184,train,738,24.558226,24.612281514,0.6896283626556396,0.9204819798469543,0.2308536171913147
ring_over_peg_redo,179,185,train,516,17.160753,17.223726497,0.6648297905921936,0.8803554773330688,0.21552568674087524
ring_over_peg_redo,180,186,train,571,18.993473,19.057566045,0.6557258367538452,0.9512664079666138,0.29554057121276855
ring_over_peg_redo,181,187,train,560,18.626941,18.668741527,0.6652871370315552,0.9249499440193176,0.25966280698776245
ring_over_peg_redo,182,188,train,621,20.659569,20.701945333,0.7035083770751953,0.8971213102340698,0.1936129331588745
ring_over_peg_redo,183,189,train,87,2.865683,2.910146402,0.6626077890396118,0.6836700439453125,0.021062254905700684
ring_over_peg_redo,184,189,train,713,23.725191,23.785366058,0.6627320647239685,1.1002542972564697,0.4375222325325012
ring_over_peg_redo,185,190,train,440,14.62832,14.689210385,0.7288233041763306,1.0457048416137695,0.31688153743743896
ring_over_peg_redo,186,191,train,547,18.193756,18.257107465,0.6701359152793884,0.8041574954986572,0.1340215802192688
ring_over_peg_redo,187,192,train,507,16.860885,16.917306466,0.7009691596031189,0.9111664295196533,0.21019726991653442
ring_over_peg_redo,188,193,train,771,25.657873,25.729485448,0.6699192523956299,1.0139862298965454,0.3440669775009155
ring_over_peg_redo,189,194,validation,581,19.326717,19.386852532,0.7266968488693237,0.9062324166297913,0.17953556776046753
ring_over_peg_redo,190,195,train,533,17.72726,17.795843402,0.7285371422767639,0.8472104668617249,0.11867332458496094
ring_over_peg_redo,191,196,train,509,16.927537,16.98725414,0.7319579124450684,0.9927501082420349,0.26079219579696655
ring_over_peg_redo,192,197,train,583,19.39336,19.424313336,0.6648813486099243,0.9640393853187561,0.2991580367088318
ring_over_peg_redo,193,198,train,489,16.261116,16.318775947,0.6644574999809265,0.9517601132392883,0.2873026132583618
ring_over_peg_redo,194,199,train,496,16.494349,16.554992976,0.6695873737335205,0.8624608516693115,0.19287347793579102
ring_over_peg_redo,195,200,train,542,18.027173,18.083594678,0.6174014806747437,0.8305888772010803,0.21318739652633667
ring_over_peg_redo,196,201,train,718,23.891839,23.952571527,0.599527895450592,0.9888374209403992,0.38930952548980713
ring_over_peg_redo,197,202,train,540,17.960538,18.013084556,0.6876068711280823,0.8494120240211487,0.1618051528930664
ring_over_peg_redo,198,203,validation,517,17.194128,17.26848325,0.6836182475090027,0.8481183648109436,0.16450011730194092
ring_over_peg_redo,199,204,validation,713,23.725238,23.772747637,0.6795759797096252,0.9678571224212646,0.2882811427116394
ring_over_peg_redo,200,206,train,562,18.693599,18.734626239,0.702608585357666,0.989639937877655,0.287031352519989
ring_over_peg_redo,201,207,train,542,18.027166,18.103240675,0.6783736944198608,0.9379143118858337,0.2595406174659729
ring_over_peg_redo,202,208,train,320,10.629708,10.684454503,0.6993472576141357,0.8219873905181885,0.12264013290405273
ring_over_peg_redo,203,208,train,217,7.197545,7.221431301,0.7094260454177856,0.8156412243843079,0.10621517896652222
ring_over_peg_redo,204,209,train,557,18.526997,18.594333046,0.7559974193572998,0.9947424530982971,0.23874503374099731
ring_over_peg_redo,205,210,train,560,18.626979,18.704164579,0.7252523899078369,0.9488263726234436,0.2235739827156067
ring_over_peg_redo,206,211,train,647,21.525978,21.583358127,0.717695415019989,1.0379831790924072,0.3202877640724182
ring_over_peg_redo,207,212,train,592,19.693269,19.753135269,0.7223290801048279,0.9675554037094116,0.24522632360458374
ring_over_peg_redo,208,213,train,490,16.294427,16.358181193,0.6513307690620422,0.8023045063018799,0.15097373723983765
ring_over_peg_redo,209,214,train,571,18.993504,19.056500622,0.6946008205413818,1.0025982856750488,0.307997465133667
ring_over_peg_redo,210,215,validation,666,22.1591,22.230327554,0.7040373086929321,0.9967028498649597,0.2926655411720276
ring_over_peg_redo,211,216,train,550,18.293753,18.340450607,0.6996127367019653,0.9067785739898682,0.20716583728790283
ring_over_peg_redo,212,217,train,576,19.160131,19.240089267,0.7261756062507629,0.9720848202705383,0.2459092140197754
cable_stringing,0,0,train,928,30.889381,30.93575058,0.5260350108146667,0.9960206747055054,0.4699856638908386
cable_stringing,1,1,validation,893,29.723121,29.763468857,0.5810058116912842,1.015410304069519,0.43440449237823486
cable_stringing,2,2,train,1043,34.72173,34.790746385,0.5962895750999451,1.0932179689407349,0.4969283938407898
cable_stringing,3,3,train,927,30.8563,30.890328393,0.5810040235519409,0.9859302043914795,0.4049261808395386
cable_stringing,4,4,train,865,28.79033,28.814591903,0.5900830030441284,1.0126034021377563,0.42252039909362793
cable_stringing,5,5,validation,1051,34.988188,35.056933719,0.6321136951446533,1.0205090045928955,0.3883953094482422
cable_stringing,6,6,train,1156,38.487013,38.552785407,0.6405416131019592,0.971311628818512,0.33077001571655273
cable_stringing,7,7,train,844,28.090521,28.142798434,0.6358698606491089,1.0212817192077637,0.3854118585586548
cable_stringing,8,8,train,550,18.293805,18.336461003,0.5893562436103821,0.9777965545654297,0.3884403109550476
cable_stringing,9,9,train,1161,38.653594,38.709677952,0.5735339522361755,0.9756930470466614,0.40215909481048584
cable_stringing,10,10,train,972,32.355706,32.402987519,0.565000057220459,0.9757338762283325,0.41073381900787354
cable_stringing,11,11,train,1049,34.9215,35.000010844,0.548426628112793,0.9962811470031738,0.44785451889038086
cable_stringing,12,12,train,927,30.856195,30.936102229,0.6498052477836609,0.9649233222007751,0.31511807441711426
cable_stringing,13,13,validation,959,31.922511,31.978922138,0.5661857724189758,1.0284475088119507,0.46226173639297485
cable_stringing,14,14,train,1027,34.18838,34.231480813,0.6309666037559509,0.9769093990325928,0.34594279527664185
cable_stringing,15,15,train,948,31.555947,31.608071303,0.5912918448448181,0.9559741616249084,0.36468231678009033
cable_stringing,16,16,validation,936,31.156092,31.175404121,0.578180193901062,0.9608449339866638,0.3826647400856018
cable_stringing,17,17,train,944,31.422659,31.433173792,0.6047124862670898,0.9707517027854919,0.3660392165184021
cable_stringing,18,18,train,1005,33.455303,33.507862664,0.620140790939331,0.9884995222091675,0.3683587312698364
cable_stringing,19,19,train,490,16.294443,16.304734909,0.5743449926376343,0.9808047413825989,0.4064597487449646
cable_stringing,20,20,train,931,30.989464,31.050456189,0.5306375622749329,0.9645277261734009,0.433890163898468
cable_stringing,21,21,train,924,30.756178,30.791357706,0.5460394024848938,0.9714003205299377,0.42536091804504395
cable_stringing,22,22,train,770,25.624604,25.675854696,0.567101240158081,0.9896070957183838,0.42250585556030273
cable_stringing,23,23,validation,1094,36.420953,36.475596109,0.5908312201499939,0.9626966118812561,0.3718653917312622
cable_stringing,24,24,train,1141,37.98704,38.058486974,0.4817616045475006,0.9752939939498901,0.4935323894023895
cable_stringing,25,25,train,887,29.523261,29.593473004,0.5797936320304871,0.970697283744812,0.39090365171432495
cable_stringing,26,26,train,889,29.589931,29.612861072,0.6021949052810669,0.9979448914527893,0.3957499861717224
cable_stringing,27,27,validation,969,32.255702,32.280454337,0.5146280527114868,0.9776877164840698,0.463059663772583
cable_stringing,28,28,train,1088,36.221006,36.287459489,0.5159545540809631,0.9700208902359009,0.45406633615493774
cable_stringing,29,29,train,795,26.457656,26.503490359,0.5253458023071289,0.9677252769470215,0.4423794746398926
cable_stringing,30,30,train,1076,35.821113,35.853485163,0.5799797177314758,0.9885812401771545,0.4086015224456787
cable_stringing,31,31,train,1163,38.720122,38.776634298,0.5774434208869934,0.9992930293083191,0.4218496084213257
cable_stringing,32,32,train,1052,35.021412,35.085933694,0.5344302654266357,0.9979841113090515,0.46355384588241577
cable_stringing,33,33,train,888,29.556585,29.599234902,0.6015036702156067,0.9717849493026733,0.37028127908706665
cable_stringing,34,34,train,958,31.889147,31.969637039,0.5750720500946045,1.0120784044265747,0.4370063543319702
cable_stringing,35,35,train,1038,34.554886,34.608776898,0.5858726501464844,0.9626221656799316,0.37674951553344727
cable_stringing,36,36,validation,1053,35.054722,35.137438519,0.5298188924789429,0.981698751449585,0.4518798589706421
cable_stringing,37,37,train,848,28.2237,28.261223239,0.5748575329780579,0.9636482000350952,0.38879066705703735
cable_stringing,38,38,train,990,32.955422,32.993446781,0.6013661623001099,0.9398635625839233,0.3384974002838135
cable_stringing,39,39,train,1159,38.586857,38.6185697,0.542172372341156,1.0094212293624878,0.4672488570213318
cable_stringing,40,40,train,1138,37.887101,37.948347855,0.5486842393875122,0.9549812078475952,0.406296968460083
cable_stringing,41,41,train,967,32.18897,32.226326164,0.4935142397880554,0.9584212303161621,0.4649069905281067
cable_stringing,42,42,train,1145,38.120275,38.147589498,0.5591113567352295,1.0325417518615723,0.4734303951263428
cable_stringing,43,43,train,793,26.390991,26.461197139,0.5681735277175903,0.9812093377113342,0.4130358099937439
cable_stringing,44,44,train,870,28.956767,28.98930416,0.5842335820198059,0.9332635402679443,0.3490299582481384
cable_stringing,45,45,train,894,29.756505,29.819915851,0.5744789242744446,0.9409892559051514,0.3665103316307068
cable_stringing,46,46,train,1042,34.688123,34.752666961,0.5639784336090088,0.9851800799369812,0.4212016463279724
cable_stringing,47,47,train,951,31.655844,31.728947251,0.5652337074279785,0.9639983177185059,0.39876461029052734
cable_stringing,48,48,train,998,33.221998,33.276608478,0.5295594334602356,0.9779677391052246,0.448408305644989
cable_stringing,49,49,train,992,33.02204,33.101058546,0.4564869701862335,0.9542044997215271,0.4977175295352936
cable_stringing,50,50,validation,1109,36.920729,36.957654291,0.4681767523288727,0.9713897109031677,0.5032129287719727
cable_stringing,51,51,train,823,27.390633,27.438240436,0.5241796374320984,0.9866352081298828,0.4624555706977844
cable_stringing,52,52,train,932,31.022742,31.074423296,0.45440447330474854,0.966151773929596,0.5117473006248474
cable_stringing,53,53,train,939,31.255977,31.307907008,0.4744049310684204,0.9717886447906494,0.497383713722229
cable_stringing,54,54,train,1066,35.487891,35.554300063,0.4296479821205139,0.9575070142745972,0.5278590321540833
cable_stringing,55,55,train,899,29.923138,29.961295992,0.48537105321884155,0.9406223893165588,0.4552513360977173
cable_stringing,56,56,train,1077,35.854422,35.908099442,0.45491132140159607,0.9642075896263123,0.5092962980270386
cable_stringing,57,57,train,1098,36.554207,36.610982241,0.4927430748939514,0.9530032277107239,0.46026015281677246
cable_stringing,58,58,train,986,32.822123,32.897696759,0.44808265566825867,0.9690950512886047,0.5210124254226685
cable_stringing,59,59,train,1021,33.988421,34.042080863,0.4844534397125244,0.9023159742355347,0.41786253452301025
cable_stringing,60,60,train,1039,34.588192,34.615681452,0.5562121272087097,0.9917237162590027,0.43551158905029297
cable_stringing,61,61,train,935,31.12269,31.161873459,0.4578073024749756,0.9765214920043945,0.518714189529419
cable_stringing,62,62,train,1091,36.320955,36.370578651,0.42268815636634827,0.9568217396736145,0.5341335535049438
cable_stringing,63,63,train,949,31.589237,31.634610078,0.5320866107940674,0.9402132630348206,0.4081266522407532
cable_stringing,64,64,train,1024,34.088392,34.150408432,0.4937986135482788,0.9466280937194824,0.4528294801712036
cable_stringing,65,65,train,1045,34.788119,34.85880302,0.5279929637908936,0.965380072593689,0.4373871088027954
cable_stringing,66,66,train,906,30.156218,30.227135895,0.5118210911750793,0.9482099413871765,0.43638885021209717
cable_stringing,67,67,validation,996,33.155159,33.239864571,0.5343379378318787,0.9603435397148132,0.42600560188293457
cable_stringing,68,68,train,1189,39.586269,39.668008997,0.584831178188324,0.9401556849479675,0.35532450675964355
cable_stringing,69,69,train,1234,41.085772,41.14294963,0.5270333290100098,0.9698225855827332,0.4427892565727234
cable_stringing,70,70,train,1156,38.486685,38.534332364,0.43851616978645325,0.971477746963501,0.5329616069793701
cable_stringing,71,71,train,1092,36.354085,36.396486576,0.4258020222187042,0.9810839891433716,0.5552819967269897
cable_stringing,72,72,train,958,31.888983,31.911533544,0.46442461013793945,0.9646088480949402,0.5001842379570007
cable_stringing,73,73,train,958,31.888993,31.938672181,0.5165473818778992,0.9461460113525391,0.4295986294746399
cable_stringing,74,74,train,827,27.523844,27.599224716,0.4876515865325928,0.9567633867263794,0.4691118001937866
cable_stringing,75,75,train,997,33.188575,33.241643362,0.46893641352653503,0.9653448462486267,0.4964084327220917
cable_stringing,76,76,train,1077,35.854332,35.917613045,0.45458075404167175,0.9661667943000793,0.51158607006073
cable_stringing,77,77,train,1491,49.64961,49.709348951,0.41940078139305115,1.0437612533569336,0.6243604421615601
cable_stringing,78,78,train,1029,34.254903,34.319770677,0.5513202548027039,0.9758837819099426,0.42456352710723877
cable_stringing,79,79,train,1107,36.853991,36.922927504,0.4348355233669281,0.9660223126411438,0.5311868190765381
cable_stringing,80,80,train,1161,38.653399,38.711232907,0.44902196526527405,0.9913987517356873,0.5423767566680908
cable_stringing,81,81,train,502,16.694236,16.758709191,0.4785834848880768,1.037500262260437,0.5589168071746826
cable_stringing,82,82,train,829,27.590479,27.673305761,0.6146498918533325,1.078297734260559,0.46364784240722656
cable_stringing,83,83,train,1090,36.287499,36.313144652,0.570573627948761,1.0308537483215332,0.4602801203727722
cable_stringing,84,84,train,670,22.292314,22.34031598,0.6300058960914612,1.0657052993774414,0.4356994032859802
cable_stringing,85,85,train,1198,39.886269,39.946374774,0.5445446968078613,1.050176739692688,0.5056320428848267
cable_stringing,86,87,train,898,29.889721,29.944297468,0.5830015540122986,1.0120919942855835,0.4290904402732849
cable_stringing,87,88,train,1132,37.68703,37.753186018,0.5579668283462524,1.075254201889038,0.5172873735427856
cable_stringing,88,89,train,993,33.055301,33.090020677,0.5688706040382385,1.004337191581726,0.43546658754348755
cable_stringing,89,90,train,1283,42.718672,42.771249085,0.5943019390106201,1.0382658243179321,0.443963885307312
cable_stringing,90,91,train,1019,33.921685,33.9585612,0.6425579190254211,1.0783071517944336,0.43574923276901245
cable_stringing,91,92,train,1135,37.787042,37.874491731,0.6097360849380493,1.0357472896575928,0.42601120471954346
cable_stringing,92,93,train,1023,34.054993,34.107040844,0.5521959662437439,1.0568900108337402,0.5046940445899963
cable_stringing,93,94,train,1010,33.621783,33.701784819,0.519023597240448,1.0008968114852905,0.48187321424484253
cable_stringing,94,95,train,980,32.622149,32.686268974,0.61306232213974,1.019830584526062,0.406768262386322
cable_stringing,95,96,train,1011,33.655128,33.702182148,0.5785863995552063,1.017383337020874,0.4387969374656677
cable_stringing,96,97,train,1012,33.688469,33.717678909,0.5773681402206421,1.030102252960205,0.452734112739563
cable_stringing,97,98,train,1385,46.117536,46.202635931,0.6208425164222717,1.0385926961898804,0.41775017976760864
cable_stringing,98,99,train,830,27.623874,27.663189194,0.5437530279159546,1.010619878768921,0.4668668508529663
cable_stringing,99,100,train,932,31.022697,31.089689202,0.49532005190849304,1.000895619392395,0.5055755376815796
cable_stringing,100,101,train,811,26.990729,27.038721697,0.5133771896362305,0.9345676898956299,0.4211905002593994
cable_stringing,101,102,validation,937,31.189312,31.247429112,0.5405997633934021,0.8994990587234497,0.3588992953300476
cable_stringing,102,103,train,954,31.755786,31.837607443,0.4520758092403412,0.9169750213623047,0.4648992121219635
cable_stringing,103,104,train,1093,36.387545,36.43529253,0.4831079840660095,0.9467471241950989,0.46363914012908936
cable_stringing,104,105,train,1095,36.454184,36.497034973,0.4970000088214874,0.9325315952301025,0.4355315864086151
cable_stringing,105,106,train,1022,34.021776,34.094025143,0.5607820749282837,0.9418087601661682,0.3810266852378845
cable_stringing,106,107,train,1089,36.254313,36.304186659,0.5008363127708435,0.9371109008789062,0.43627458810806274
cable_stringing,107,108,validation,883,29.389992,29.442302938,0.4886772334575653,0.9493655562400818,0.4606883227825165
cable_stringing,108,109,train,993,33.055406,33.1048289,0.45466798543930054,0.9650728702545166,0.5104048848152161
cable_stringing,109,110,train,847,28.1904,28.262380423,0.4930077791213989,0.9416427612304688,0.4486349821090698
cable_stringing,110,111,train,1017,33.855115,33.906743368,0.53802889585495,0.9057568311691284,0.36772793531417847
cable_stringing,111,112,train,1042,34.688177,34.723676095,0.46763426065444946,0.9460278749465942,0.4783936142921448
cable_stringing,112,113,train,977,32.522236,32.600669083,0.47706088423728943,0.9347156882286072,0.45765480399131775
cable_stringing,113,114,train,985,32.788807,32.85901223,0.4700399935245514,0.9239107370376587,0.4538707435131073
cable_stringing,114,115,validation,955,31.789157,31.811294205,0.4565160274505615,0.9586994647979736,0.5021834373474121
cable_stringing,115,116,train,1007,33.52189,33.562913516,0.38664311170578003,0.9813194274902344,0.5946763157844543
cable_stringing,116,117,train,1103,36.720786,36.760741769,0.4303867816925049,0.9337865710258484,0.5033997893333435
cable_stringing,117,118,train,912,30.356313,30.415197418,0.47099021077156067,0.9571696519851685,0.4861794412136078
cable_stringing,118,119,train,863,28.723499,28.789679326,0.4943096339702606,0.9180118441581726,0.423702210187912
cable_stringing,119,120,train,1282,42.685433,42.76715113,0.39843645691871643,0.9828914403915405,0.5844550132751465
whiteboard_checkmark,0,0,train,540,17.960439,18.037460738,1.0071766376495361,1.0725865364074707,0.06540989875793457
whiteboard_checkmark,1,1,train,607,20.193064,20.246237326,1.0422061681747437,1.1092177629470825,0.06701159477233887
whiteboard_checkmark,2,2,train,530,17.627294,17.673885072,1.0326629877090454,1.1213133335113525,0.08865034580230713
whiteboard_checkmark,3,3,train,518,17.227395,17.276803843,0.9661777019500732,1.0627268552780151,0.0965491533279419
whiteboard_checkmark,4,4,train,570,18.960174,19.021796857,1.032153606414795,1.1033761501312256,0.07122254371643066
whiteboard_checkmark,5,5,train,464,15.428035,15.492614931,1.0150372982025146,1.078425407409668,0.06338810920715332
whiteboard_checkmark,6,6,validation,474,15.761282,15.83423831,1.0337008237838745,1.1290979385375977,0.09539711475372314
whiteboard_checkmark,7,7,train,432,14.361766,14.417784907,1.0198992490768433,1.0876139402389526,0.06771469116210938
whiteboard_checkmark,8,8,train,546,18.160457,18.187879048,1.0402030944824219,1.1301578283309937,0.08995473384857178
whiteboard_checkmark,9,9,train,453,15.061536,15.138352908,1.0144126415252686,1.0881567001342773,0.07374405860900879
whiteboard_checkmark,10,10,train,419,13.928572,13.988249658,0.9368222951889038,1.052911400794983,0.1160891056060791
whiteboard_checkmark,11,11,train,374,12.429065,12.469044136,0.9608463048934937,1.0308094024658203,0.06996309757232666
whiteboard_checkmark,12,12,train,509,16.927545,16.995076652,0.8759972453117371,1.036647081375122,0.160649836063385
whiteboard_checkmark,13,13,train,494,16.427722,16.510567936,0.9263488054275513,1.0118253231048584,0.08547651767730713
whiteboard_checkmark,14,14,train,391,12.995603,13.071667746,0.9385720491409302,1.0470713376998901,0.10849928855895996
whiteboard_checkmark,15,15,train,308,10.22983,10.294052898,0.9536594748497009,1.013468861579895,0.05980938673019409
whiteboard_checkmark,16,16,train,320,10.629684,10.675850809,1.0100104808807373,1.066351056098938,0.056340575218200684
whiteboard_checkmark,17,17,train,411,13.662019,13.721455112,0.9506017565727234,1.012184500694275,0.061582744121551514
whiteboard_checkmark,18,18,train,489,16.261128,16.33297944,0.961776852607727,0.9884076118469238,0.026630759239196777
whiteboard_checkmark,19,19,train,456,15.16153,15.226750084,0.9960732460021973,1.060793399810791,0.06472015380859375
whiteboard_checkmark,20,20,train,409,13.595366,13.645948093,0.9591414332389832,1.1008763313293457,0.14173489809036255
whiteboard_checkmark,21,21,train,372,12.362446,12.416954146,0.9245017766952515,0.989249050617218,0.06474727392196655
whiteboard_checkmark,22,22,train,485,16.127846,16.185893178,0.9667924046516418,1.0331542491912842,0.06636184453964233
whiteboard_checkmark,23,23,train,503,16.727653,16.784045086,0.9592747688293457,1.0463699102401733,0.08709514141082764
whiteboard_checkmark,24,24,train,407,13.528741,13.576929753,0.9330124258995056,1.0180095434188843,0.08499711751937866
whiteboard_checkmark,25,25,train,303,10.06324,10.130056636,0.9358416795730591,0.9941585659980774,0.05831688642501831
whiteboard_checkmark,26,26,train,375,12.462418,12.52221944,0.9805517792701721,1.035298466682434,0.05474668741226196
whiteboard_checkmark,27,27,train,452,15.02821,15.051328088,0.9857057332992554,1.0185211896896362,0.03281545639038086
whiteboard_checkmark,28,28,train,397,13.195512,13.2445794,0.8186240196228027,0.9909965991973877,0.17237257957458496
whiteboard_checkmark,29,29,train,399,13.262169,13.326342841,0.9214300513267517,1.0037946701049805,0.08236461877822876
whiteboard_checkmark,30,30,train,389,12.928917,13.000237527,0.8875818848609924,1.0220742225646973,0.13449233770370483
whiteboard_checkmark,31,31,train,529,17.594014,17.667667323,0.961235523223877,1.007581353187561,0.04634582996368408
whiteboard_checkmark,32,32,train,501,16.660979,16.722840126,0.8322291970252991,0.9978064894676208,0.16557729244232178
whiteboard_checkmark,33,33,train,323,10.729654,10.779006275,0.9052687883377075,0.9953797459602356,0.09011095762252808
whiteboard_checkmark,34,34,train,386,12.828967,12.894974754,0.9010470509529114,0.9630793929100037,0.062032341957092285
whiteboard_checkmark,35,35,train,434,14.428432,14.504637448,0.8725358247756958,0.9406369924545288,0.06810116767883301
whiteboard_checkmark,36,36,train,305,10.129888,10.161328658,0.897848904132843,0.9624340534210205,0.06458514928817749
whiteboard_checkmark,37,37,train,362,12.029255,12.118676318,0.9186837673187256,1.0154775381088257,0.0967937707901001
whiteboard_checkmark,38,38,train,369,12.262489,12.322276768,0.9318589568138123,1.0138503313064575,0.08199137449264526
whiteboard_checkmark,39,39,train,335,11.12956,11.188489617,0.9639200568199158,1.073824167251587,0.10990411043167114
whiteboard_checkmark,40,40,train,356,11.829287,11.90152883,0.9793563485145569,1.0392546653747559,0.059898316860198975
whiteboard_checkmark,41,41,train,409,13.59538,13.624183227,0.9734007716178894,1.0347404479980469,0.06133967638015747
whiteboard_checkmark,42,42,train,580,19.293441,19.355616365,0.912726879119873,1.0230847597122192,0.11035788059234619
whiteboard_checkmark,43,43,train,630,20.959487,21.026955351,0.9485379457473755,1.0263289213180542,0.07779097557067871
whiteboard_checkmark,44,44,train,460,15.294801,15.33127028,1.00563383102417,1.1137295961380005,0.10809576511383057
whiteboard_checkmark,45,45,train,483,16.06111,16.146498719,0.9829012155532837,1.0787737369537354,0.09587252140045166
whiteboard_checkmark,46,46,train,373,12.395748,12.443705178,0.883720338344574,1.0008033514022827,0.11708301305770874
whiteboard_checkmark,47,47,train,421,13.995179,14.052462483,0.9428001642227173,1.0030444860458374,0.06024432182312012
whiteboard_checkmark,48,48,train,407,13.528677,13.592303357,0.9671019911766052,1.0338928699493408,0.0667908787727356
whiteboard_checkmark,49,49,train,417,13.861871,13.925103487,1.016278862953186,1.0788722038269043,0.06259334087371826
whiteboard_checkmark,50,50,train,348,11.562682,11.61422831,1.0517468452453613,1.1246745586395264,0.07292771339416504
whiteboard_checkmark,51,51,train,476,15.8279,15.852507839,0.9274042248725891,1.1499228477478027,0.22251862287521362
whiteboard_checkmark,52,52,train,396,13.162121,13.223031253,0.9579199552536011,1.0822315216064453,0.12431156635284424
whiteboard_checkmark,53,53,train,424,14.095144,14.174140629,0.9800823330879211,1.099057912826538,0.11897557973861694
whiteboard_checkmark,54,54,validation,452,15.028169,15.08495237,0.9921945929527283,1.1150466203689575,0.12285202741622925
whiteboard_checkmark,55,55,train,459,15.261453,15.308862723,0.932996392250061,1.0821292400360107,0.1491328477859497
whiteboard_checkmark,56,56,train,462,15.361412,15.416125219,0.9374337792396545,1.0484883785247803,0.11105459928512573
whiteboard_checkmark,57,57,train,384,12.76228,12.811743244,0.9347732663154602,1.018076777458191,0.08330351114273071
whiteboard_checkmark,58,58,train,431,14.328411,14.371087039,0.8951467275619507,0.9468160271644592,0.051669299602508545
whiteboard_checkmark,59,59,train,450,14.961558,15.022396906,0.9072263240814209,0.971915066242218,0.06468874216079712
whiteboard_checkmark,60,60,train,397,13.195477,13.228785994,0.9379726052284241,1.0452916622161865,0.10731905698776245
whiteboard_checkmark,61,61,train,322,10.696338,10.784910906,0.9466025829315186,1.0238850116729736,0.07728242874145508
whiteboard_checkmark,62,62,train,393,13.062209,13.092238553,0.9324331879615784,1.0179096460342407,0.08547645807266235
whiteboard_checkmark,63,63,train,358,11.895929,11.986304,0.8783895969390869,0.9788298606872559,0.10044026374816895
whiteboard_checkmark,64,64,train,417,13.861952,13.900761103,0.7677414417266846,1.041406273841858,0.27366483211517334
whiteboard_checkmark,65,65,validation,348,11.562724,11.612106566,0.976897120475769,1.0279706716537476,0.051073551177978516
whiteboard_checkmark,66,66,train,407,13.528715,13.562670522,0.9692704081535339,1.050278902053833,0.08100849390029907
whiteboard_checkmark,67,69,train,308,10.229838,10.282990397,1.000280499458313,1.07985520362854,0.07957470417022705
whiteboard_checkmark,68,70,train,333,11.06287,11.127883825,0.9782831072807312,1.0321568250656128,0.05387371778488159
whiteboard_checkmark,69,71,train,265,8.796982,8.856702707,0.9441787004470825,1.003871202468872,0.05969250202178955
whiteboard_checkmark,70,72,train,345,11.462748,11.496854637,0.9587332010269165,1.0112783908843994,0.05254518985748291
whiteboard_checkmark,71,73,validation,367,12.195851,12.242618488,0.9595378637313843,0.9943210482597351,0.03478318452835083
whiteboard_checkmark,72,74,validation,289,9.596733,9.667886501,0.9400719404220581,0.9802301526069641,0.040158212184906006
whiteboard_checkmark,73,75,train,384,12.762319,12.819493812,0.9550308585166931,0.9954164624214172,0.04038560390472412
whiteboard_checkmark,74,76,train,463,15.39475,15.470840946,1.001561164855957,1.033164620399475,0.031603455543518066
whiteboard_checkmark,75,77,train,301,9.996606,10.043737648,0.9519296884536743,1.0406835079193115,0.08875381946563721
whiteboard_checkmark,76,78,train,350,11.629334,11.687912996,0.9505382180213928,1.0438133478164673,0.09327512979507446
whiteboard_checkmark,77,79,train,317,10.529725,10.571743429,0.8968067169189453,0.9851915836334229,0.08838486671447754
whiteboard_checkmark,78,80,train,293,9.730035,9.801799843,0.9168296456336975,1.00837242603302,0.09154278039932251
whiteboard_checkmark,79,81,train,353,11.729329,11.790277686,0.9368189573287964,1.0500627756118774,0.11324381828308105
whiteboard_checkmark,80,82,train,338,11.229491,11.262496139,0.9803284406661987,1.0222684144973755,0.04193997383117676
whiteboard_checkmark,81,83,train,381,12.662358,12.703011647,0.9991155862808228,1.04426109790802,0.045145511627197266
whiteboard_checkmark,82,84,train,559,18.593645,18.647493829,0.9570050239562988,1.0463120937347412,0.08930706977844238
whiteboard_checkmark,83,85,train,413,13.72867,13.787785523,0.9418343305587769,1.0126641988754272,0.07082986831665039
whiteboard_checkmark,84,86,train,402,13.362103,13.410177027,0.9566366076469421,1.0008697509765625,0.04423314332962036
whiteboard_checkmark,85,87,train,379,12.595702,12.653257253,0.9243501424789429,0.9951181411743164,0.07076799869537354
whiteboard_checkmark,86,88,train,416,13.828644,13.891959743,0.9269895553588867,0.9598159790039062,0.03282642364501953
whiteboard_checkmark,87,89,train,322,10.696343,10.740540834,0.9300312399864197,0.9881235361099243,0.05809229612350464
whiteboard_checkmark,88,90,train,341,11.329447,11.354434747,0.993101179599762,1.1186449527740479,0.1255437731742859
whiteboard_checkmark,89,91,train,339,11.262833,11.31100615,0.9310625195503235,1.0286725759506226,0.09761005640029907
whiteboard_checkmark,90,92,validation,402,13.362101,13.414595561,0.9149423241615295,0.973275363445282,0.05833303928375244
whiteboard_checkmark,91,93,validation,445,14.794932,14.841914636,0.8989454507827759,1.0101803541183472,0.11123490333557129
whiteboard_checkmark,92,94,validation,334,11.096142,11.1281005,0.9501103758811951,1.0646206140518188,0.11451023817062378
whiteboard_checkmark,93,95,train,388,12.895474,12.959506012,0.9471305012702942,1.0914385318756104,0.14430803060531616
whiteboard_checkmark,94,96,train,391,12.99551,13.084093842,0.9829937219619751,1.0526546239852905,0.06966090202331543
whiteboard_checkmark,95,97,train,325,10.796266,10.861215687,0.866767942905426,0.9748417139053345,0.10807377099990845
whiteboard_checkmark,96,98,train,356,11.829209,11.871855771,0.8796007633209229,0.9910298585891724,0.11142909526824951
whiteboard_checkmark,97,99,train,272,9.030183,9.075987886,0.9516369104385376,1.067349910736084,0.11571300029754639
whiteboard_checkmark,98,100,train,393,13.062154,13.109084482,0.9684051871299744,1.0240161418914795,0.05561095476150513
whiteboard_checkmark,99,101,train,397,13.195448,13.274880716,0.9768436551094055,1.077570915222168,0.10072726011276245
whiteboard_checkmark,100,102,train,368,12.229115,12.283710243,1.0310229063034058,1.12955904006958,0.09853613376617432
whiteboard_checkmark,101,103,train,358,11.895901,11.920205817,1.0259579420089722,1.075398325920105,0.04944038391113281
whiteboard_checkmark,102,104,train,341,11.329436,11.381427769,1.0470095872879028,1.1416581869125366,0.09464859962463379
whiteboard_checkmark,103,105,train,342,11.362755,11.405135124,0.9923831820487976,1.0616002082824707,0.0692170262336731
whiteboard_checkmark,104,106,train,344,11.429412,11.500514124,0.970137357711792,1.070621371269226,0.10048401355743408
whiteboard_checkmark,105,107,validation,356,11.82926,11.878595669,0.9631224274635315,1.0174862146377563,0.054363787174224854
whiteboard_checkmark,106,108,train,362,12.029156,12.07743695,0.9957082867622375,1.057788610458374,0.062080323696136475
whiteboard_checkmark,107,109,train,345,11.462724,11.510629392,0.9502651691436768,1.0672731399536133,0.11700797080993652
whiteboard_checkmark,108,110,train,252,8.363797,8.406845813,0.9425280690193176,1.0431270599365234,0.10059899091720581
whiteboard_checkmark,109,111,train,303,10.063202,10.150374034,0.9567441940307617,1.0981205701828003,0.14137637615203857
whiteboard_checkmark,110,112,train,343,11.396066,11.4552633,1.0148707628250122,1.0742489099502563,0.05937814712524414
whiteboard_checkmark,111,113,validation,332,11.029534,11.073524315,0.9404335021972656,1.0580060482025146,0.11757254600524902
whiteboard_checkmark,112,114,train,347,11.529356,11.582672775,0.9117977619171143,0.9688786864280701,0.05708092451095581
whiteboard_checkmark,113,115,train,447,14.861564,14.903975267,0.9043867588043213,1.004049301147461,0.09966254234313965
whiteboard_checkmark,114,116,train,315,10.463066,10.518106815,0.9255582690238953,1.0154536962509155,0.08989542722702026
whiteboard_checkmark,115,117,train,324,10.76298,10.800467824,0.9189631938934326,1.071781039237976,0.15281784534454346
whiteboard_checkmark,116,118,train,288,9.563411,9.615890762,0.9187024235725403,1.0213947296142578,0.10269230604171753
whiteboard_checkmark,117,119,train,442,14.695109,14.757892431,0.9618199467658997,1.0611958503723145,0.0993759036064148
whiteboard_checkmark,118,120,train,333,11.062914,11.110120629,1.013758659362793,1.1227507591247559,0.10899209976196289
whiteboard_checkmark,119,121,train,342,11.362896,11.410870494,1.106266736984253,1.1545748710632324,0.04830813407897949
whiteboard_checkmark,120,122,train,625,20.79308,20.853963459,0.9862983822822571,1.1952424049377441,0.20894402265548706
whiteboard_checkmark,121,123,train,321,10.663146,10.757434327,0.9869941473007202,1.0504862070083618,0.0634920597076416
whiteboard_checkmark,122,124,train,373,12.395863,12.453959858,0.9397703409194946,1.045149803161621,0.10537946224212646
whiteboard_checkmark,123,125,train,308,10.22987,10.283248526,0.9808918833732605,1.0226587057113647,0.04176682233810425
whiteboard_checkmark,124,126,train,331,10.99629,11.055576102,1.0148499011993408,1.063026785850525,0.04817688465118408
whiteboard_checkmark,125,127,train,300,9.963314,10.02641318,1.0065629482269287,1.0843886137008667,0.07782566547393799
whiteboard_checkmark,126,129,validation,416,13.828675,13.893853231,0.965168297290802,1.0820653438568115,0.11689704656600952
whiteboard_checkmark,127,130,train,295,9.796726,9.828437799,0.9452676773071289,0.9909288883209229,0.045661211013793945
whiteboard_checkmark,128,131,train,336,11.162938,11.192914493,0.9833155870437622,1.1026403903961182,0.11932480335235596
whiteboard_checkmark,129,132,train,320,10.629735,10.69078166,1.0147854089736938,1.1522337198257446,0.13744831085205078
whiteboard_checkmark,130,133,train,344,11.429496,11.499689571,0.9946416616439819,1.1210488080978394,0.12640714645385742
whiteboard_checkmark,131,134,validation,342,11.362857,11.422412355,0.9577487707138062,1.0257163047790527,0.06796753406524658
whiteboard_checkmark,132,136,train,552,18.360444,18.412128424,0.9876031875610352,1.109777569770813,0.12217438220977783
whiteboard_checkmark,133,137,train,294,9.763386,9.817489315,0.9710257649421692,1.0117237567901611,0.04069799184799194
whiteboard_checkmark,134,138,train,307,10.196539,10.255734315,0.949759840965271,1.0178390741348267,0.06807923316955566
whiteboard_checkmark,135,139,train,326,10.829636,10.871083345,0.9204968810081482,1.0474152565002441,0.12691837549209595
whiteboard_checkmark,136,140,train,286,9.496774,9.556688219,0.8781376481056213,0.9711822867393494,0.09304463863372803
whiteboard_checkmark,137,141,train,305,10.129886,10.201910517,0.8872939944267273,0.9513593912124634,0.06406539678573608
whiteboard_checkmark,138,142,train,353,11.729367,11.808995487,0.8785416483879089,0.9904906749725342,0.11194902658462524
whiteboard_checkmark,139,144,train,355,11.795966,11.848767764,0.984782874584198,1.041549563407898,0.05676668882369995
whiteboard_checkmark,140,145,train,321,10.663048,10.73022418,0.9250558614730835,0.9777885675430298,0.05273270606994629
whiteboard_checkmark,141,146,train,265,8.797002,8.866197768,0.9215330481529236,0.9735406041145325,0.05200755596160889
whiteboard_checkmark,142,147,train,340,11.296165,11.351918531,0.9175539016723633,0.9566095471382141,0.03905564546585083
whiteboard_checkmark,143,148,train,315,10.463133,10.50994317,0.961047887802124,0.9955781698226929,0.03453028202056885
whiteboard_checkmark,144,149,validation,351,11.662691,11.717457936,0.972579300403595,1.0350947380065918,0.06251543760299683
whiteboard_checkmark,145,151,train,271,8.996972,9.055770802,0.972054660320282,1.0258890390396118,0.053834378719329834
whiteboard_checkmark,146,152,train,267,8.863636,8.911273115,0.979636549949646,1.0364972352981567,0.05686068534851074
whiteboard_checkmark,147,153,train,329,10.929627,10.989614476,0.9528326988220215,0.9920390844345093,0.03920638561248779
whiteboard_checkmark,148,154,train,280,9.296857,9.340397475,1.0100123882293701,1.0611904859542847,0.05117809772491455
whiteboard_checkmark,149,155,train,305,10.129866,10.196583113,0.9459927678108215,1.032946228981018,0.08695346117019653
whiteboard_checkmark,150,156,train,323,10.729662,10.806990626,0.955170750617981,1.0312060117721558,0.0760352611541748
whiteboard_checkmark,151,157,train,462,15.361401,15.423879504,0.901849091053009,1.1357742547988892,0.23392516374588013
whiteboard_checkmark,152,158,train,389,12.928892,12.970383709,0.9427667856216431,1.0104488134384155,0.06768202781677246
whiteboard_checkmark,153,159,train,440,14.628337,14.696833906,0.9550564885139465,1.0948091745376587,0.13975268602371216
whiteboard_checkmark,154,160,validation,489,16.261109,16.320145921,0.9693042039871216,1.0350682735443115,0.06576406955718994
whiteboard_checkmark,155,161,train,404,13.428738,13.478952646,1.0142289400100708,1.1975263357162476,0.18329739570617676
whiteboard_checkmark,156,162,train,394,13.095528,13.130375021,1.0173494815826416,1.1062594652175903,0.08890998363494873
whiteboard_checkmark,157,163,train,456,15.161461,15.24654861,1.0015368461608887,1.0909693241119385,0.0894324779510498
whiteboard_checkmark,158,164,train,591,19.659956,19.694538534,0.884890079498291,1.026502013206482,0.14161193370819092
whiteboard_checkmark,159,165,validation,431,14.328447,14.390402343,0.926378071308136,1.0038126707077026,0.07743459939956665
whiteboard_checkmark,160,166,train,408,13.562025,13.650621749,0.8912153840065002,0.967921793460846,0.0767064094543457
whiteboard_checkmark,161,167,validation,347,11.529368,11.58977928,0.9122043251991272,0.9981680512428284,0.08596372604370117
whiteboard_checkmark,162,168,train,416,13.828588,13.867702039,0.8754739165306091,0.9763256311416626,0.10085171461105347
whiteboard_checkmark,163,169,train,341,11.329468,11.382132954,0.8669472932815552,0.9789009094238281,0.11195361614227295
whiteboard_checkmark,164,170,train,331,10.996177,11.06402292,0.8958706855773926,1.003305435180664,0.10743474960327148
whiteboard_checkmark,165,171,train,387,12.862138,12.913432813,0.9232128858566284,1.0574532747268677,0.13424038887023926
whiteboard_checkmark,166,172,train,395,13.128757,13.193186482,0.9514123797416687,1.051852822303772,0.10044044256210327
whiteboard_checkmark,167,173,validation,336,11.162796,11.207715029,0.9426377415657043,1.0186116695404053,0.07597392797470093
whiteboard_checkmark,168,176,train,335,11.129466,11.20300491,0.9909761548042297,1.0546069145202637,0.06363075971603394
whiteboard_checkmark,169,177,train,336,11.162791,11.247482596,0.9388237595558167,1.0243690013885498,0.08554524183273315
whiteboard_checkmark,170,178,validation,290,9.629953,9.696067293,0.9703972339630127,0.9996100068092346,0.029212772846221924
whiteboard_checkmark,171,179,train,607,20.192964,20.268742204,0.8984748125076294,0.9946770071983337,0.09620219469070435
whiteboard_checkmark,172,180,train,361,11.995816,12.034393725,0.9389998912811279,1.029213547706604,0.09021365642547607
whiteboard_checkmark,173,181,validation,297,9.863251,9.904120166,0.9297761917114258,1.0200690031051636,0.09029281139373779
whiteboard_checkmark,174,183,train,309,10.263114,10.313687712,0.8796881437301636,0.9794197678565979,0.09973162412643433
whiteboard_checkmark,175,184,train,317,10.529683,10.58040379,0.8659727573394775,0.9909456372261047,0.1249728798866272
whiteboard_checkmark,176,185,train,366,12.162443,12.222025141,0.9154706597328186,1.008677363395691,0.09320670366287231
whiteboard_checkmark,177,186,train,377,12.528992,12.581260931,0.9322806596755981,1.0638835430145264,0.13160288333892822
whiteboard_checkmark,178,187,train,337,11.196134,11.252719324,0.9151918292045593,0.9957916140556335,0.08059978485107422
whiteboard_checkmark,179,188,train,348,11.562635,11.603144651,0.9194270968437195,0.9952415823936462,0.07581448554992676
whiteboard_checkmark,180,189,train,344,11.429367,11.467635882,0.8956352472305298,0.9968782663345337,0.1012430191040039
whiteboard_checkmark,181,190,validation,243,8.063879,8.141954669,0.863917350769043,0.9405614137649536,0.07664406299591064
whiteboard_checkmark,182,191,train,351,11.662651,11.73913275,0.8575963377952576,0.9689831137657166,0.11138677597045898
whiteboard_checkmark,183,192,train,348,11.562675,11.636341968,0.8572686910629272,0.931327223777771,0.07405853271484375
whiteboard_checkmark,184,193,train,381,12.662268,12.715306215,0.8730865120887756,0.9754046201705933,0.10231810808181763
whiteboard_checkmark,185,194,train,391,12.995472,13.040884823,0.8743420839309692,0.9814209342002869,0.10707885026931763
whiteboard_checkmark,186,195,train,301,9.996545,10.046203854,0.8901199102401733,1.0262945890426636,0.13617467880249023
whiteboard_checkmark,187,196,train,340,11.296107,11.318486331,0.907419741153717,1.0560964345932007,0.14867669343948364
whiteboard_checkmark,188,197,train,380,12.628983,12.68719662,0.9011516571044922,0.9700068235397339,0.0688551664352417
whiteboard_checkmark,189,198,train,340,11.296101,11.327898581,0.8621745705604553,1.0071837902069092,0.14500921964645386
whiteboard_checkmark,190,199,train,301,9.996548,10.048425773,0.9046310782432556,1.0062813758850098,0.10165029764175415
whiteboard_checkmark,191,200,train,298,9.896589,9.95260957,0.8438573479652405,0.9454734325408936,0.10161608457565308
whiteboard_checkmark,192,201,train,306,10.163158,10.251864035,0.8692675828933716,0.9497991800308228,0.08053159713745117
whiteboard_checkmark,193,202,train,350,11.629316,11.700844047,0.892788827419281,1.0192407369613647,0.12645190954208374
whiteboard_checkmark,194,203,train,287,9.530029,9.562180826,0.9172994494438171,1.0577237606048584,0.14042431116104126
whiteboard_checkmark,195,204,train,408,13.561999,13.636621883,0.931667149066925,1.0476553440093994,0.11598819494247437
whiteboard_checkmark,196,205,train,380,12.628996,12.689290227,0.9029037952423096,0.9675443172454834,0.06464052200317383
whiteboard_checkmark,197,206,train,295,9.796592,9.850619751,0.9181001782417297,0.9793772101402283,0.061277031898498535
whiteboard_checkmark,198,207,train,300,9.963231,10.010546162,0.9602542519569397,1.066109538078308,0.10585528612136841
whiteboard_checkmark,199,208,train,334,11.096187,11.171947988,0.8755584955215454,0.960494875907898,0.08493638038635254
whiteboard_checkmark,200,209,train,307,10.19649,10.275212993,0.883173942565918,0.9702460169792175,0.08707207441329956
whiteboard_checkmark,201,210,train,393,13.062138,13.096313081,0.8978846669197083,1.0103062391281128,0.11242157220840454
